time_close_utc,bar,event,side,a_val,a_bar_time_utc,b_val,b_bar_time_utc,c_val,c_bar_time_utc,retrace_pct,atr14,st_trend,extra
2026-05-09 11:00,16,WAVE_STARTED,bear,80666.66,2026-05-09 04:00,80135.0,2026-05-09 07:00,80452.44,2026-05-09 08:00,,197.74944398167435,1,C? tentatif
2026-05-09 18:00,23,WAVE_CANCELLED,bear,80666.66,2026-05-09 04:00,80135.0,2026-05-09 07:00,80777.0,2026-05-09 16:00,,208.48589639847938,1,
2026-05-09 19:00,24,WAVE_STARTED,bear,80666.66,2026-05-09 04:00,80234.0,2026-05-09 15:00,81080.0,2026-05-09 18:00,,214.4947609414452,1,C? tentatif
2026-05-09 20:00,25,WAVE_CANCELLED,bear,80666.66,2026-05-09 04:00,80234.0,2026-05-09 15:00,81080.0,2026-05-09 18:00,,212.1029923027702,1,
2026-05-09 22:00,27,WAVE_STARTED,bull,80135.0,2026-05-09 07:00,81080.0,2026-05-09 18:00,80744.98,2026-05-09 21:00,,206.50936581208293,1,C? tentatif
2026-05-10 05:00,34,C_LOCKED,bull,80135.0,2026-05-09 07:00,81080.0,2026-05-09 18:00,80572.77,2026-05-10 01:00,,187.60231647615706,1,zona fibo hijau; via pivot
2026-05-10 05:00,34,WAVE_STARTED,bear,81080.0,2026-05-09 18:00,80572.77,2026-05-10 01:00,80887.15,2026-05-10 03:00,,187.60231647615706,1,C? tentatif
2026-05-10 07:00,36,WAVE_STARTED,bull,80572.77,2026-05-10 01:00,80887.15,2026-05-10 03:00,80658.97,2026-05-10 06:00,,177.4006708391352,1,C? tentatif
2026-05-10 07:00,36,C_LOCKED,bear,81080.0,2026-05-09 18:00,80572.77,2026-05-10 01:00,80887.15,2026-05-10 03:00,,177.4006708391352,1,zona fibo hijau; via pivot
2026-05-10 10:00,39,C_LOCKED,bull,80572.77,2026-05-10 01:00,80887.15,2026-05-10 03:00,80658.97,2026-05-10 06:00,,172.75152836500666,1,zona fibo hijau; via pivot
2026-05-10 10:00,39,WAVE_STARTED,bear,81080.0,2026-05-09 18:00,80658.97,2026-05-10 06:00,80913.8,2026-05-10 09:00,,172.75152836500666,1,C? tentatif
2026-05-10 13:00,42,B_LINE_TRACKING,bull,80572.77,2026-05-10 01:00,80887.15,2026-05-10 03:00,80658.97,2026-05-10 06:00,,176.96203637679244,1,"level B aktif, dipantau"
2026-05-10 13:00,42,BREAK,bull,80572.77,2026-05-10 01:00,80887.15,2026-05-10 03:00,80658.97,2026-05-10 06:00,72.6,176.96203637679244,1,ATR Str A1 A2 C2
2026-05-10 16:00,45,WAVE_CANCELLED,bear,81080.0,2026-05-09 18:00,80658.97,2026-05-10 06:00,81000.01,2026-05-10 13:00,,198.32148830896907,1,
2026-05-10 16:00,45,B_LINE_TRACKING,bull,80135.0,2026-05-09 07:00,81080.0,2026-05-09 18:00,80572.77,2026-05-10 01:00,,198.32148830896907,1,"level B aktif, dipantau"
2026-05-10 16:00,45,BREAK,bull,80135.0,2026-05-09 07:00,81080.0,2026-05-09 18:00,80572.77,2026-05-10 01:00,53.7,198.32148830896907,1,ATR Str A1 A2 C2
2026-05-10 16:00,45,CANDIDATE_INVALIDATED,bear,81080.0,2026-05-09 18:00,80572.77,2026-05-10 01:00,80887.15,2026-05-10 03:00,,198.32148830896907,1,
2026-05-10 21:00,50,WAVE_STARTED,bull,80572.77,2026-05-10 01:00,81583.11,2026-05-10 17:00,80279.77,2026-05-10 20:00,,296.171164728056,1,C? tentatif
2026-05-10 23:00,52,WAVE_STRUCT_REJECTED,bull,80572.77,2026-05-10 01:00,81583.11,2026-05-10 17:00,80279.77,2026-05-10 20:00,,387.5981471379669,1,
2026-05-11 00:00,53,WAVE_STARTED,bear,81080.0,2026-05-09 18:00,80279.77,2026-05-10 20:00,82479.32,2026-05-10 23:00,,390.97185091382653,1,C? tentatif
2026-05-11 01:00,54,WAVE_CANCELLED,bear,81080.0,2026-05-09 18:00,80279.77,2026-05-10 20:00,82479.32,2026-05-10 23:00,,441.6167187056961,1,
2026-05-11 03:00,56,WAVE_STARTED,bull,80279.77,2026-05-10 20:00,82479.32,2026-05-10 23:00,81117.64,2026-05-11 02:00,,443.3516605166464,1,C? tentatif
2026-05-11 07:00,60,C_LOCKED,bull,80279.77,2026-05-10 20:00,82479.32,2026-05-10 23:00,80525.0,2026-05-11 03:00,,417.4499231053707,-1,zona fibo oranye; via pivot
2026-05-11 07:00,60,WAVE_STARTED,bear,82479.32,2026-05-10 23:00,80525.0,2026-05-11 03:00,81049.51,2026-05-11 06:00,,417.4499231053707,-1,C? tentatif
2026-05-11 22:00,75,WAVE_STARTED,bull,80462.97,2026-05-11 14:00,82137.26,2026-05-11 18:00,81600.0,2026-05-11 21:00,,418.8912142284036,1,C? tentatif
2026-05-11 22:00,75,C_LOCKED,bear,82479.32,2026-05-10 23:00,80525.0,2026-05-11 03:00,82137.26,2026-05-11 18:00,,418.8912142284036,1,zona fibo oranye; via pivot
2026-05-12 05:00,82,C_LOCKED,bull,80462.97,2026-05-11 14:00,82137.26,2026-05-11 18:00,80714.28,2026-05-12 01:00,,394.71944086311333,1,zona fibo oranye; via pivot
2026-05-12 05:00,82,WAVE_STARTED,bear,82137.26,2026-05-11 18:00,80714.28,2026-05-12 01:00,81332.29,2026-05-12 02:00,,394.71944086311333,1,C? tentatif
2026-05-12 11:00,88,C_LOCKED,bear,82137.26,2026-05-11 18:00,80714.28,2026-05-12 01:00,81332.29,2026-05-12 02:00,,340.10084840992243,1,zona fibo abu; via breakout
2026-05-12 14:00,91,B_LINE_TRACKING,bear,82137.26,2026-05-11 18:00,80714.28,2026-05-12 01:00,81332.29,2026-05-12 02:00,,353.22489575677713,-1,"level B aktif, dipantau"
2026-05-12 14:00,91,B_LINE_TRACKING,bear,82479.32,2026-05-10 23:00,80525.0,2026-05-11 03:00,82137.26,2026-05-11 18:00,,353.22489575677713,-1,"level B aktif, dipantau"
2026-05-12 15:00,92,CANDIDATE_FAILED,bear,82479.32,2026-05-10 23:00,80525.0,2026-05-11 03:00,82137.26,2026-05-11 18:00,,363.0038317741495,-1,kandidat gugur ✖ (buffer ATR); boleh breakout ulang
2026-05-12 16:00,93,WAVE_STARTED,bull,80714.28,2026-05-12 01:00,80999.0,2026-05-12 12:00,80188.65,2026-05-12 15:00,,371.9414152188534,-1,C? tentatif
2026-05-12 16:00,93,CANDIDATE_INVALIDATED,bull,80462.97,2026-05-11 14:00,82137.26,2026-05-11 18:00,80714.28,2026-05-12 01:00,,371.9414152188534,-1,
2026-05-12 16:00,93,B_LINE_TRACKING,bear,82479.32,2026-05-10 23:00,80525.0,2026-05-11 03:00,82137.26,2026-05-11 18:00,,371.9414152188534,-1,"level B aktif, dipantau"
2026-05-12 17:00,94,WAVE_CANCELLED,bull,80714.28,2026-05-12 01:00,80999.0,2026-05-12 12:00,80188.65,2026-05-12 15:00,,387.6884569889359,-1,
2026-05-12 17:00,94,CANDIDATE_INVALIDATED,bull,80279.77,2026-05-10 20:00,82479.32,2026-05-10 23:00,80525.0,2026-05-11 03:00,,387.6884569889359,-1,
2026-05-12 18:00,95,CANDIDATE_FAILED,bear,82479.32,2026-05-10 23:00,80525.0,2026-05-11 03:00,82137.26,2026-05-11 18:00,,405.85428148972585,-1,kandidat gugur ✖ (buffer ATR); boleh breakout ulang
2026-05-12 19:00,96,CANDIDATE_FAILED,bear,82137.26,2026-05-11 18:00,80714.28,2026-05-12 01:00,81332.29,2026-05-12 02:00,,400.7082613833167,-1,kandidat gugur ✖ (buffer ATR); boleh breakout ulang
2026-05-12 20:00,97,WAVE_STARTED,bear,82137.26,2026-05-11 18:00,79843.59,2026-05-12 16:00,80874.42,2026-05-12 19:00,,386.0369569987939,-1,C? tentatif
2026-05-12 22:00,99,B_LINE_TRACKING,bear,82137.26,2026-05-11 18:00,80714.28,2026-05-12 01:00,81332.29,2026-05-12 02:00,,366.879825167327,-1,"level B aktif, dipantau"
2026-05-13 00:00,101,WAVE_STARTED,bull,79843.59,2026-05-12 16:00,80896.25,2026-05-12 20:00,80439.91,2026-05-12 23:00,,349.481890067746,-1,C? tentatif
2026-05-13 00:00,101,C_LOCKED,bear,82137.26,2026-05-11 18:00,79843.59,2026-05-12 16:00,80896.25,2026-05-12 20:00,,349.481890067746,-1,zona fibo abu; via pivot
2026-05-13 01:00,102,CANDIDATE_FAILED,bear,82137.26,2026-05-11 18:00,80714.28,2026-05-12 01:00,81332.29,2026-05-12 02:00,,350.0046122057643,-1,kandidat gugur ✖ (buffer ATR); boleh breakout ulang
2026-05-13 02:00,103,C_LOCKED,bull,79843.59,2026-05-12 16:00,80896.25,2026-05-12 20:00,80412.15,2026-05-13 00:00,,361.6164256196388,-1,zona fibo abu; via breakout
2026-05-13 02:00,103,B_LINE_TRACKING,bull,79843.59,2026-05-12 16:00,80896.25,2026-05-12 20:00,80412.15,2026-05-13 00:00,,361.6164256196388,-1,"level B aktif, dipantau"
2026-05-13 04:00,105,WAVE_STARTED,bear,82137.26,2026-05-11 18:00,80412.15,2026-05-13 00:00,81299.99,2026-05-13 03:00,,357.93809147815807,-1,C? tentatif
2026-05-13 07:00,108,WAVE_STARTED,bull,80412.15,2026-05-13 00:00,81299.99,2026-05-13 03:00,80972.94,2026-05-13 06:00,,325.9905127469075,-1,C? tentatif
2026-05-13 07:00,108,C_LOCKED,bear,82137.26,2026-05-11 18:00,80412.15,2026-05-13 00:00,81299.99,2026-05-13 03:00,,325.9905127469075,-1,zona fibo hijau; via pivot
2026-05-13 11:00,112,CANDIDATE_FAILED,bull,79843.59,2026-05-12 16:00,80896.25,2026-05-12 20:00,80412.15,2026-05-13 00:00,,314.65457373397584,-1,kandidat gugur ✖ (buffer ATR); boleh breakout ulang
2026-05-13 12:00,113,B_LINE_TRACKING,bear,82137.26,2026-05-11 18:00,80714.28,2026-05-12 01:00,81332.29,2026-05-12 02:00,,317.09996132440614,-1,"level B aktif, dipantau"
2026-05-13 13:00,114,WAVE_CANCELLED,bull,80412.15,2026-05-13 00:00,81299.99,2026-05-13 03:00,80494.98,2026-05-13 11:00,,347.3535355155196,-1,
2026-05-13 13:00,114,B_LINE_TRACKING,bear,82137.26,2026-05-11 18:00,80412.15,2026-05-13 00:00,81299.99,2026-05-13 03:00,,347.3535355155196,-1,"level B aktif, dipantau"
2026-05-13 13:00,114,BREAK,bear,82137.26,2026-05-11 18:00,80412.15,2026-05-13 00:00,81299.99,2026-05-13 03:00,51.5,347.3535355155196,-1,ATR Str A1 A2 C2
2026-05-13 13:00,114,B_LINE_TRACKING,bear,82479.32,2026-05-10 23:00,80525.0,2026-05-11 03:00,82137.26,2026-05-11 18:00,,347.3535355155196,-1,"level B aktif, dipantau"
2026-05-13 14:00,115,CANDIDATE_INVALIDATED,bull,79843.59,2026-05-12 16:00,80896.25,2026-05-12 20:00,80412.15,2026-05-13 00:00,,377.469711550125,-1,
2026-05-13 14:00,115,B_LINE_TRACKING,bear,82137.26,2026-05-11 18:00,79843.59,2026-05-12 16:00,80896.25,2026-05-12 20:00,,377.469711550125,-1,"level B aktif, dipantau"
2026-05-13 20:00,121,WAVE_STARTED,bear,81324.64,2026-05-13 09:00,78754.65,2026-05-13 16:00,79800.0,2026-05-13 18:00,,409.55579112677697,-1,C? tentatif
2026-05-14 06:00,131,CANDIDATE_FAILED,bear,82137.26,2026-05-11 18:00,79843.59,2026-05-12 16:00,80896.25,2026-05-12 20:00,,407.33017985001135,-1,kandidat gugur ✖ (buffer ATR); boleh breakout ulang
2026-05-14 08:00,133,B_LINE_TRACKING,bear,82137.26,2026-05-11 18:00,79843.59,2026-05-12 16:00,80896.25,2026-05-12 20:00,,380.2619918094488,-1,"level B aktif, dipantau"
2026-05-14 09:00,134,WAVE_STARTED,bull,78922.0,2026-05-14 03:00,79998.0,2026-05-14 05:00,79644.44,2026-05-14 08:00,,373.99613525163056,-1,C? tentatif
2026-05-14 09:00,134,C_LOCKED,bear,81324.64,2026-05-13 09:00,78754.65,2026-05-13 16:00,79998.0,2026-05-14 05:00,,373.99613525163056,-1,zona fibo abu; via pivot
2026-05-14 09:00,134,CANDIDATE_FAILED,bear,82137.26,2026-05-11 18:00,79843.59,2026-05-12 16:00,80896.25,2026-05-12 20:00,,373.99613525163056,-1,kandidat gugur ✖ (buffer ATR); boleh breakout ulang
2026-05-14 10:00,135,B_LINE_TRACKING,bear,82137.26,2026-05-11 18:00,79843.59,2026-05-12 16:00,80896.25,2026-05-12 20:00,,371.2949827336575,-1,"level B aktif, dipantau"
2026-05-14 15:00,140,C_LOCKED,bull,78922.0,2026-05-14 03:00,79998.0,2026-05-14 05:00,79230.31,2026-05-14 12:00,,459.23127763753183,1,zona fibo hijau; via breakout
2026-05-14 15:00,140,B_LINE_TRACKING,bull,78922.0,2026-05-14 03:00,79998.0,2026-05-14 05:00,79230.31,2026-05-14 12:00,,459.23127763753183,1,"level B aktif, dipantau"
2026-05-14 15:00,140,BREAK,bull,78922.0,2026-05-14 03:00,79998.0,2026-05-14 05:00,79230.31,2026-05-14 12:00,71.3,459.23127763753183,1,ATR Str A1 A2 C2
2026-05-14 15:00,140,CANDIDATE_FAILED,bear,82137.26,2026-05-11 18:00,79843.59,2026-05-12 16:00,80896.25,2026-05-12 20:00,,459.23127763753183,1,kandidat gugur ✖ (buffer ATR); boleh breakout ulang
2026-05-14 15:00,140,CANDIDATE_FAILED,bear,82137.26,2026-05-11 18:00,80714.28,2026-05-12 01:00,81332.29,2026-05-12 02:00,,459.23127763753183,1,kandidat gugur ✖ (buffer ATR); boleh breakout ulang
2026-05-14 15:00,140,CANDIDATE_FAILED,bear,82479.32,2026-05-10 23:00,80525.0,2026-05-11 03:00,82137.26,2026-05-11 18:00,,459.23127763753183,1,kandidat gugur ✖ (buffer ATR); boleh breakout ulang
2026-05-14 16:00,141,WAVE_STARTED,bear,79998.0,2026-05-14 05:00,79230.31,2026-05-14 12:00,81332.23,2026-05-14 15:00,,463.29690066342204,1,C? tentatif
2026-05-14 17:00,142,WAVE_CANCELLED,bear,79998.0,2026-05-14 05:00,79230.31,2026-05-14 12:00,81332.23,2026-05-14 15:00,,489.0749791874635,1,
2026-05-14 17:00,142,CANDIDATE_INVALIDATED,bear,81324.64,2026-05-13 09:00,78754.65,2026-05-13 16:00,79998.0,2026-05-14 05:00,,489.0749791874635,1,
2026-05-14 21:00,146,WAVE_STARTED,bull,79230.31,2026-05-14 12:00,82048.13,2026-05-14 17:00,81166.22,2026-05-14 20:00,,495.44790895910916,1,C? tentatif
2026-05-15 06:00,155,B_LINE_TRACKING,bear,82137.26,2026-05-11 18:00,80714.28,2026-05-12 01:00,81332.29,2026-05-12 02:00,,474.5192710875994,1,"level B aktif, dipantau"
2026-05-15 06:00,155,B_LINE_TRACKING,bear,82479.32,2026-05-10 23:00,80525.0,2026-05-11 03:00,82137.26,2026-05-11 18:00,,474.5192710875994,1,"level B aktif, dipantau"
2026-05-15 07:00,156,CANDIDATE_FAILED,bear,82479.32,2026-05-10 23:00,80525.0,2026-05-11 03:00,82137.26,2026-05-11 18:00,,464.23146600991413,1,kandidat gugur ✖ (buffer ATR); boleh breakout ulang
2026-05-15 08:00,157,CANDIDATE_FAILED,bear,82137.26,2026-05-11 18:00,80714.28,2026-05-12 01:00,81332.29,2026-05-12 02:00,,462.74993272349104,1,kandidat gugur ✖ (buffer ATR); boleh breakout ulang
2026-05-15 09:00,158,C_LOCKED,bull,79230.31,2026-05-14 12:00,82048.13,2026-05-14 17:00,80314.0,2026-05-15 05:00,,458.7756518146703,1,zona fibo hijau; via pivot
2026-05-15 09:00,158,WAVE_STARTED,bear,82048.13,2026-05-14 17:00,80314.0,2026-05-15 05:00,81003.37,2026-05-15 07:00,,458.7756518146703,1,C? tentatif
2026-05-15 09:00,158,B_LINE_TRACKING,bear,82137.26,2026-05-11 18:00,80714.28,2026-05-12 01:00,81332.29,2026-05-12 02:00,,458.7756518146703,1,"level B aktif, dipantau"
2026-05-15 11:00,160,CANDIDATE_FAILED,bear,82137.26,2026-05-11 18:00,80714.28,2026-05-12 01:00,81332.29,2026-05-12 02:00,,441.9129344728528,1,kandidat gugur ✖ (buffer ATR); boleh breakout ulang
2026-05-15 12:00,161,B_LINE_TRACKING,bear,82137.26,2026-05-11 18:00,80714.28,2026-05-12 01:00,81332.29,2026-05-12 02:00,,421.8105820105058,1,"level B aktif, dipantau"
2026-05-15 13:00,162,B_LINE_TRACKING,bear,82479.32,2026-05-10 23:00,80525.0,2026-05-11 03:00,82137.26,2026-05-11 18:00,,412.72482615261254,1,"level B aktif, dipantau"
2026-05-15 14:00,163,C_LOCKED,bear,82048.13,2026-05-14 17:00,80314.0,2026-05-15 05:00,81003.37,2026-05-15 07:00,,503.7030528559972,-1,zona fibo abu; via breakout
2026-05-15 14:00,163,CANDIDATE_INVALIDATED,bull,79230.31,2026-05-14 12:00,82048.13,2026-05-14 17:00,80314.0,2026-05-15 05:00,,503.7030528559972,-1,
2026-05-15 14:00,163,B_LINE_TRACKING,bear,82048.13,2026-05-14 17:00,80314.0,2026-05-15 05:00,81003.37,2026-05-15 07:00,,503.7030528559972,-1,"level B aktif, dipantau"
2026-05-15 14:00,163,B_LINE_TRACKING,bear,82137.26,2026-05-11 18:00,79843.59,2026-05-12 16:00,80896.25,2026-05-12 20:00,,503.7030528559972,-1,"level B aktif, dipantau"
2026-05-15 18:00,167,WAVE_STARTED,bear,82048.13,2026-05-14 17:00,78659.0,2026-05-15 14:00,79504.83,2026-05-15 17:00,,472.81860872085025,-1,C? tentatif
2026-05-15 22:00,171,WAVE_STARTED,bull,78659.0,2026-05-15 14:00,79561.94,2026-05-15 18:00,78911.42,2026-05-15 21:00,,423.6428507308473,-1,C? tentatif
2026-05-15 22:00,171,C_LOCKED,bear,82048.13,2026-05-14 17:00,78659.0,2026-05-15 14:00,79561.94,2026-05-15 18:00,,423.6428507308473,-1,zona fibo abu; via pivot
2026-05-16 01:00,174,C_LOCKED,bull,78659.0,2026-05-15 14:00,79561.94,2026-05-15 18:00,78911.42,2026-05-15 21:00,,366.25290563253327,-1,zona fibo hijau; via pivot
2026-05-16 01:00,174,WAVE_STARTED,bear,82048.13,2026-05-14 17:00,78911.42,2026-05-15 21:00,79227.77,2026-05-16 00:00,,366.25290563253327,-1,C? tentatif
2026-05-16 04:00,177,WAVE_STARTED,bull,78911.42,2026-05-15 21:00,79227.77,2026-05-16 00:00,79010.0,2026-05-16 01:00,,321.95709317590246,-1,C? tentatif
2026-05-16 04:00,177,C_LOCKED,bear,82048.13,2026-05-14 17:00,78911.42,2026-05-15 21:00,79227.77,2026-05-16 00:00,,321.95709317590246,-1,zona fibo abu; via pivot
2026-05-16 07:00,180,WAVE_CANCELLED,bull,78911.42,2026-05-15 21:00,79227.77,2026-05-16 00:00,78860.0,2026-05-16 04:00,,323.4143453744388,-1,
2026-05-16 07:00,180,CANDIDATE_INVALIDATED,bull,78659.0,2026-05-15 14:00,79561.94,2026-05-15 18:00,78911.42,2026-05-15 21:00,,323.4143453744388,-1,
2026-05-16 07:00,180,B_LINE_TRACKING,bear,82048.13,2026-05-14 17:00,78911.42,2026-05-15 21:00,79227.77,2026-05-16 00:00,,323.4143453744388,-1,"level B aktif, dipantau"
2026-05-16 08:00,181,B_LINE_TRACKING,bear,82048.13,2026-05-14 17:00,78659.0,2026-05-15 14:00,79561.94,2026-05-15 18:00,,342.14403499055067,-1,"level B aktif, dipantau"
2026-05-16 14:00,187,WAVE_STARTED,bear,82048.13,2026-05-14 17:00,77640.0,2026-05-16 10:00,78193.88,2026-05-16 11:00,,325.3886358520244,-1,C? tentatif
2026-05-16 20:00,193,WAVE_STARTED,bull,77640.0,2026-05-16 10:00,78364.65,2026-05-16 16:00,78142.99,2026-05-16 18:00,,283.4312120731305,-1,C? tentatif
2026-05-16 20:00,193,C_LOCKED,bear,82048.13,2026-05-14 17:00,77640.0,2026-05-16 10:00,78364.65,2026-05-16 16:00,,283.4312120731305,-1,zona fibo abu; via pivot
2026-05-17 05:00,202,C_LOCKED,bull,77640.0,2026-05-16 10:00,78364.65,2026-05-16 16:00,77721.19,2026-05-17 01:00,,251.84804389097664,-1,zona fibo oranye; via pivot
2026-05-17 05:00,202,WAVE_STARTED,bear,78364.65,2026-05-16 16:00,77721.19,2026-05-17 01:00,78203.93,2026-05-17 04:00,,251.84804389097664,-1,C? tentatif
2026-05-17 09:00,206,WAVE_STARTED,bull,77721.19,2026-05-17 01:00,78323.96,2026-05-17 05:00,78017.0,2026-05-17 06:00,,233.6949141391669,-1,C? tentatif
2026-05-17 09:00,206,C_LOCKED,bear,78364.65,2026-05-16 16:00,77721.19,2026-05-17 01:00,78323.96,2026-05-17 05:00,,233.6949141391669,-1,zona fibo oranye; via pivot
2026-05-17 11:00,208,C_LOCKED,bull,77721.19,2026-05-17 01:00,78323.96,2026-05-17 05:00,78017.0,2026-05-17 06:00,,241.19250249754722,-1,zona fibo hijau; via breakout
2026-05-17 11:00,208,B_LINE_TRACKING,bull,77721.19,2026-05-17 01:00,78323.96,2026-05-17 05:00,78017.0,2026-05-17 06:00,,241.19250249754722,-1,"level B aktif, dipantau"
2026-05-17 11:00,208,BREAK_HIDDEN_BY_TREND,bull,77721.19,2026-05-17 01:00,78323.96,2026-05-17 05:00,78017.0,2026-05-17 06:00,50.9,241.19250249754722,-1,"mesin lihat break, chart sembunyikan (lawan trend ST)"
2026-05-17 11:00,208,B_LINE_TRACKING,bull,77640.0,2026-05-16 10:00,78364.65,2026-05-16 16:00,77721.19,2026-05-17 01:00,,241.19250249754722,-1,"level B aktif, dipantau"
2026-05-17 11:00,208,CANDIDATE_INVALIDATED,bear,78364.65,2026-05-16 16:00,77721.19,2026-05-17 01:00,78323.96,2026-05-17 05:00,,241.19250249754722,-1,
2026-05-17 13:00,210,CANDIDATE_FAILED,bull,77640.0,2026-05-16 10:00,78364.65,2026-05-16 16:00,77721.19,2026-05-17 01:00,,235.66833123513024,-1,kandidat gugur ✖ (buffer ATR); boleh breakout ulang
2026-05-17 14:00,211,WAVE_STARTED,bull,77721.19,2026-05-17 01:00,78599.99,2026-05-17 10:00,78173.15,2026-05-17 13:00,,232.5263075754786,-1,C? tentatif
2026-05-17 18:00,215,C_LOCKED,bull,77721.19,2026-05-17 01:00,78599.99,2026-05-17 10:00,77850.0,2026-05-17 14:00,,234.12888069198445,-1,zona fibo oranye; via pivot
2026-05-17 18:00,215,WAVE_STARTED,bear,78599.99,2026-05-17 10:00,77850.0,2026-05-17 14:00,78193.66,2026-05-17 16:00,,234.12888069198445,-1,C? tentatif
2026-05-17 20:00,217,B_LINE_TRACKING,bull,77640.0,2026-05-16 10:00,78364.65,2026-05-16 16:00,77721.19,2026-05-17 01:00,,237.4038818211495,-1,"level B aktif, dipantau"
2026-05-17 21:00,218,CANDIDATE_FAILED,bull,77640.0,2026-05-16 10:00,78364.65,2026-05-16 16:00,77721.19,2026-05-17 01:00,,233.76931883392484,-1,kandidat gugur ✖ (buffer ATR); boleh breakout ulang
2026-05-17 22:00,219,B_LINE_TRACKING,bull,77640.0,2026-05-16 10:00,78364.65,2026-05-16 16:00,77721.19,2026-05-17 01:00,,234.34722463150166,-1,"level B aktif, dipantau"
2026-05-17 23:00,220,CANDIDATE_FAILED,bull,77640.0,2026-05-16 10:00,78364.65,2026-05-16 16:00,77721.19,2026-05-17 01:00,,259.3338514435375,-1,kandidat gugur ✖ (buffer ATR); boleh breakout ulang
2026-05-18 00:00,221,C_LOCKED,bear,78599.99,2026-05-17 10:00,77850.0,2026-05-17 14:00,78485.36,2026-05-17 21:00,,331.7400049118555,-1,zona fibo oranye; via breakout
2026-05-18 00:00,221,CANDIDATE_INVALIDATED,bull,77721.19,2026-05-17 01:00,78599.99,2026-05-17 10:00,77850.0,2026-05-17 14:00,,331.7400049118555,-1,
2026-05-18 00:00,221,CANDIDATE_INVALIDATED,bull,77640.0,2026-05-16 10:00,78364.65,2026-05-16 16:00,77721.19,2026-05-17 01:00,,331.7400049118555,-1,
2026-05-18 00:00,221,B_LINE_TRACKING,bear,78599.99,2026-05-17 10:00,77850.0,2026-05-17 14:00,78485.36,2026-05-17 21:00,,331.7400049118555,-1,"level B aktif, dipantau"
2026-05-18 00:00,221,B_LINE_TRACKING,bear,82048.13,2026-05-14 17:00,77640.0,2026-05-16 10:00,78364.65,2026-05-16 16:00,,331.7400049118555,-1,"level B aktif, dipantau"
2026-05-18 01:00,222,WAVE_STARTED,bull,77850.0,2026-05-17 14:00,78485.36,2026-05-17 21:00,76735.16,2026-05-17 23:00,,348.14357598958003,-1,C? tentatif
2026-05-18 02:00,223,WAVE_CANCELLED,bull,77850.0,2026-05-17 14:00,78485.36,2026-05-17 21:00,76735.16,2026-05-17 23:00,,362.3183205617526,-1,
2026-05-18 06:00,227,WAVE_STARTED,bear,78485.36,2026-05-17 21:00,76707.61,2026-05-18 02:00,77080.93,2026-05-18 05:00,,345.71891018232526,-1,C? tentatif
2026-05-18 13:00,234,CANDIDATE_FAILED,bear,82048.13,2026-05-14 17:00,77640.0,2026-05-16 10:00,78364.65,2026-05-16 16:00,,365.3049120483373,-1,kandidat gugur ✖ (buffer ATR); boleh breakout ulang
2026-05-18 14:00,235,B_LINE_TRACKING,bear,82048.13,2026-05-14 17:00,77640.0,2026-05-16 10:00,78364.65,2026-05-16 16:00,,406.68884690202805,-1,"level B aktif, dipantau"
2026-05-18 15:00,236,C_LOCKED,bear,78485.36,2026-05-17 21:00,76707.61,2026-05-18 02:00,77800.0,2026-05-18 12:00,,429.37035783759717,-1,zona fibo hijau; via breakout
2026-05-18 15:00,236,CANDIDATE_EVICTED,bear,82479.32,2026-05-10 23:00,80525.0,2026-05-11 03:00,82137.26,2026-05-11 18:00,,429.37035783759717,-1,
2026-05-18 15:00,236,B_LINE_TRACKING,bear,78485.36,2026-05-17 21:00,76707.61,2026-05-18 02:00,77800.0,2026-05-18 12:00,,429.37035783759717,-1,"level B aktif, dipantau"
2026-05-18 15:00,236,BREAK,bear,78485.36,2026-05-17 21:00,76707.61,2026-05-18 02:00,77800.0,2026-05-18 12:00,61.4,429.37035783759717,-1,ATR Str A1 A2 C2
2026-05-18 16:00,237,WAVE_STARTED,bull,76583.33,2026-05-18 06:00,77800.0,2026-05-18 12:00,76051.0,2026-05-18 15:00,,429.7217608491969,-1,C? tentatif
2026-05-18 17:00,238,WAVE_CANCELLED,bull,76583.33,2026-05-18 06:00,77800.0,2026-05-18 12:00,76051.0,2026-05-18 15:00,,431.00449221711096,-1,
2026-05-18 19:00,240,WAVE_STARTED,bear,77800.0,2026-05-18 12:00,76051.0,2026-05-18 15:00,76757.21,2026-05-18 17:00,,437.7239754321005,-1,C? tentatif
2026-05-19 04:00,249,WAVE_STARTED,bull,76051.0,2026-05-18 15:00,77414.62,2026-05-19 00:00,76487.83,2026-05-19 02:00,,420.4514359764607,-1,C? tentatif
2026-05-19 04:00,249,C_LOCKED,bear,77800.0,2026-05-18 12:00,76051.0,2026-05-18 15:00,77414.62,2026-05-19 00:00,,420.4514359764607,-1,zona fibo hijau; via pivot
2026-05-19 06:00,251,C_LOCKED,bull,76051.0,2026-05-18 15:00,77414.62,2026-05-19 00:00,76487.83,2026-05-19 02:00,,404.05776877562204,-1,zona fibo hijau; via pivot
2026-05-19 06:00,251,WAVE_STARTED,bear,77414.62,2026-05-19 00:00,76487.83,2026-05-19 02:00,77000.0,2026-05-19 05:00,,404.05776877562204,-1,C? tentatif
2026-05-19 12:00,257,WAVE_STARTED,bull,76487.83,2026-05-19 02:00,77317.02,2026-05-19 08:00,76633.83,2026-05-19 11:00,,386.4233042429297,-1,C? tentatif
2026-05-19 12:00,257,C_LOCKED,bear,77414.62,2026-05-19 00:00,76487.83,2026-05-19 02:00,77317.02,2026-05-19 08:00,,386.4233042429297,-1,zona fibo oranye; via pivot
2026-05-19 12:00,257,CANDIDATE_EVICTED,bear,82137.26,2026-05-11 18:00,80714.28,2026-05-12 01:00,81332.29,2026-05-12 02:00,,386.4233042429297,-1,
2026-05-19 15:00,260,WAVE_CANCELLED,bull,76487.83,2026-05-19 02:00,77317.02,2026-05-19 08:00,76596.0,2026-05-19 13:00,,422.70668710703933,-1,
2026-05-19 15:00,260,B_LINE_TRACKING,bear,77414.62,2026-05-19 00:00,76487.83,2026-05-19 02:00,77317.02,2026-05-19 08:00,,422.70668710703933,-1,"level B aktif, dipantau"
2026-05-19 16:00,261,CANDIDATE_FAILED,bear,77414.62,2026-05-19 00:00,76487.83,2026-05-19 02:00,77317.02,2026-05-19 08:00,,416.6412094565361,-1,kandidat gugur ✖ (buffer ATR); boleh breakout ulang
2026-05-19 18:00,263,WAVE_STARTED,bear,77317.02,2026-05-19 08:00,76144.71,2026-05-19 14:00,77015.41,2026-05-19 17:00,,410.91471631711556,-1,C? tentatif
2026-05-19 23:00,268,WAVE_STARTED,bull,76144.71,2026-05-19 14:00,77065.8,2026-05-19 19:00,76642.95,2026-05-19 22:00,,353.95599483386985,-1,C? tentatif
2026-05-19 23:00,268,C_LOCKED,bear,77317.02,2026-05-19 08:00,76144.71,2026-05-19 14:00,77065.8,2026-05-19 19:00,,353.95599483386985,-1,zona fibo hijau; via pivot
2026-05-19 23:00,268,CANDIDATE_EVICTED,bear,82137.26,2026-05-11 18:00,79843.59,2026-05-12 16:00,80896.25,2026-05-12 20:00,,353.95599483386985,-1,
2026-05-20 04:00,273,C_LOCKED,bull,76144.71,2026-05-19 14:00,77065.8,2026-05-19 19:00,76516.74,2026-05-20 00:00,,342.8601610561298,-1,zona fibo hijau; via pivot
2026-05-20 04:00,273,WAVE_STARTED,bear,77065.8,2026-05-19 19:00,76516.74,2026-05-20 00:00,76922.46,2026-05-20 01:00,,342.8601610561298,-1,C? tentatif
2026-05-20 06:00,275,WAVE_CANCELLED,bear,77065.8,2026-05-19 19:00,76516.74,2026-05-20 00:00,76922.46,2026-05-20 01:00,,343.77983274737807,-1,
2026-05-20 06:00,275,B_LINE_TRACKING,bull,76144.71,2026-05-19 14:00,77065.8,2026-05-19 19:00,76516.74,2026-05-20 00:00,,343.77983274737807,-1,"level B aktif, dipantau"
2026-05-20 06:00,275,BREAK_HIDDEN_BY_TREND,bull,76144.71,2026-05-19 14:00,77065.8,2026-05-19 19:00,76516.74,2026-05-20 00:00,59.6,343.77983274737807,-1,"mesin lihat break, chart sembunyikan (lawan trend ST)"
2026-05-20 07:00,276,CANDIDATE_INVALIDATED,bear,77317.02,2026-05-19 08:00,76144.71,2026-05-19 14:00,77065.8,2026-05-19 19:00,,336.5148446939944,-1,
2026-05-20 09:00,278,CANDIDATE_INVALIDATED,bear,77414.62,2026-05-19 00:00,76487.83,2026-05-19 02:00,77317.02,2026-05-19 08:00,,335.85565690451585,-1,
2026-05-20 10:00,279,B_LINE_TRACKING,bull,76051.0,2026-05-18 15:00,77414.62,2026-05-19 00:00,76487.83,2026-05-19 02:00,,324.55525283990715,-1,"level B aktif, dipantau"
2026-05-20 10:00,279,BREAK_HIDDEN_BY_TREND,bull,76051.0,2026-05-18 15:00,77414.62,2026-05-19 00:00,76487.83,2026-05-19 02:00,68.0,324.55525283990715,-1,"mesin lihat break, chart sembunyikan (lawan trend ST)"
2026-05-20 13:00,282,CANDIDATE_FAILED,bear,82048.13,2026-05-14 17:00,77640.0,2026-05-16 10:00,78364.65,2026-05-16 16:00,,314.1135570296197,-1,kandidat gugur ✖ (buffer ATR); boleh breakout ulang
2026-05-20 14:00,283,B_LINE_TRACKING,bear,82048.13,2026-05-14 17:00,77640.0,2026-05-16 10:00,78364.65,2026-05-16 16:00,,340.4318743846464,-1,"level B aktif, dipantau"
2026-05-20 18:00,287,WAVE_STARTED,bear,77065.8,2026-05-19 19:00,76891.61,2026-05-20 14:00,77853.04,2026-05-20 15:00,,396.4135340561185,-1,C? tentatif
2026-05-20 19:00,288,WAVE_STARTED,bull,76516.74,2026-05-20 00:00,77853.04,2026-05-20 15:00,77018.38,2026-05-20 16:00,,384.9475673378243,-1,C? tentatif
2026-05-20 19:00,288,WAVE_CANCELLED,bear,77065.8,2026-05-19 19:00,76891.61,2026-05-20 14:00,77853.04,2026-05-20 15:00,,384.9475673378243,-1,
2026-05-20 20:00,289,CANDIDATE_FAILED,bear,82048.13,2026-05-14 17:00,77640.0,2026-05-16 10:00,78364.65,2026-05-16 16:00,,383.092026813693,1,kandidat gugur ✖ (buffer ATR); boleh breakout ulang
2026-05-20 22:00,291,B_LINE_TRACKING,bear,82048.13,2026-05-14 17:00,77640.0,2026-05-16 10:00,78364.65,2026-05-16 16:00,,368.1861353648682,1,"level B aktif, dipantau"
2026-05-21 01:00,294,C_LOCKED,bull,76516.74,2026-05-20 00:00,77853.04,2026-05-20 15:00,77018.38,2026-05-20 16:00,,362.38243418244025,1,zona fibo hijau; via breakout
2026-05-21 01:00,294,B_LINE_TRACKING,bull,76516.74,2026-05-20 00:00,77853.04,2026-05-20 15:00,77018.38,2026-05-20 16:00,,362.38243418244025,1,"level B aktif, dipantau"
2026-05-21 01:00,294,BREAK,bull,76516.74,2026-05-20 00:00,77853.04,2026-05-20 15:00,77018.38,2026-05-20 16:00,62.5,362.38243418244025,1,ATR Str A1 A2 C2
2026-05-21 01:00,294,CANDIDATE_INVALIDATED,bear,77800.0,2026-05-18 12:00,76051.0,2026-05-18 15:00,77414.62,2026-05-19 00:00,,362.38243418244025,1,
2026-05-21 01:00,294,CANDIDATE_FAILED,bear,78599.99,2026-05-17 10:00,77850.0,2026-05-17 14:00,78485.36,2026-05-17 21:00,,362.38243418244025,1,kandidat gugur ✖ (buffer ATR); boleh breakout ulang
2026-05-21 01:00,294,CANDIDATE_FAILED,bear,82048.13,2026-05-14 17:00,77640.0,2026-05-16 10:00,78364.65,2026-05-16 16:00,,362.38243418244025,1,kandidat gugur ✖ (buffer ATR); boleh breakout ulang
2026-05-21 02:00,295,WAVE_STARTED,bear,77853.04,2026-05-20 15:00,77226.61,2026-05-20 22:00,78173.15,2026-05-21 01:00,,363.1515460265513,1,C? tentatif
2026-05-21 03:00,296,WAVE_CANCELLED,bear,77853.04,2026-05-20 15:00,77226.61,2026-05-20 22:00,78173.15,2026-05-21 01:00,,357.2050070246543,1,
2026-05-21 07:00,300,B_LINE_TRACKING,bear,78599.99,2026-05-17 10:00,77850.0,2026-05-17 14:00,78485.36,2026-05-17 21:00,,342.6305600695323,1,"level B aktif, dipantau"
2026-05-21 08:00,301,WAVE_STARTED,bull,77226.61,2026-05-20 22:00,78180.01,2026-05-21 04:00,77521.0,2026-05-21 07:00,,345.304091493137,1,C? tentatif
2026-05-21 08:00,301,CANDIDATE_FAILED,bear,78599.99,2026-05-17 10:00,77850.0,2026-05-17 14:00,78485.36,2026-05-17 21:00,,345.304091493137,1,kandidat gugur ✖ (buffer ATR); boleh breakout ulang
2026-05-21 10:00,303,B_LINE_TRACKING,bear,78599.99,2026-05-17 10:00,77850.0,2026-05-17 14:00,78485.36,2026-05-17 21:00,,343.202252358878,1,"level B aktif, dipantau"
2026-05-21 11:00,304,WAVE_CANCELLED,bull,77226.61,2026-05-20 22:00,78180.01,2026-05-21 04:00,77521.0,2026-05-21 07:00,,353.53923433324377,1,
2026-05-21 11:00,304,B_LINE_TRACKING,bear,82048.13,2026-05-14 17:00,77640.0,2026-05-16 10:00,78364.65,2026-05-16 16:00,,353.53923433324377,1,"level B aktif, dipantau"
2026-05-21 12:00,305,WAVE_STARTED,bull,77226.61,2026-05-20 22:00,78200.0,2026-05-21 08:00,77147.15,2026-05-21 11:00,,344.3471461665839,1,C? tentatif
2026-05-21 14:00,307,WAVE_CANCELLED,bull,77226.61,2026-05-20 22:00,78200.0,2026-05-21 08:00,77080.72,2026-05-21 12:00,,361.26830460282036,1,
2026-05-21 17:00,310,WAVE_STARTED,bear,78200.0,2026-05-21 08:00,76719.47,2026-05-21 13:00,77402.12,2026-05-21 15:00,,374.34207187040647,-1,C? tentatif
2026-05-21 18:00,311,CANDIDATE_FAILED,bear,78599.99,2026-05-17 10:00,77850.0,2026-05-17 14:00,78485.36,2026-05-17 21:00,,413.0554953082347,-1,kandidat gugur ✖ (buffer ATR); boleh breakout ulang
2026-05-21 18:00,311,CANDIDATE_FAILED,bear,82048.13,2026-05-14 17:00,77640.0,2026-05-16 10:00,78364.65,2026-05-16 16:00,,413.0554953082347,-1,kandidat gugur ✖ (buffer ATR); boleh breakout ulang
2026-05-21 19:00,312,B_LINE_TRACKING,bear,78599.99,2026-05-17 10:00,77850.0,2026-05-17 14:00,78485.36,2026-05-17 21:00,,432.9808170719319,-1,"level B aktif, dipantau"
2026-05-21 19:00,312,B_LINE_TRACKING,bear,82048.13,2026-05-14 17:00,77640.0,2026-05-16 10:00,78364.65,2026-05-16 16:00,,432.9808170719319,-1,"level B aktif, dipantau"
2026-05-21 20:00,313,CANDIDATE_FAILED,bear,82048.13,2026-05-14 17:00,77640.0,2026-05-16 10:00,78364.65,2026-05-16 16:00,,433.2350444239363,-1,kandidat gugur ✖ (buffer ATR); boleh breakout ulang
2026-05-21 21:00,314,WAVE_STARTED,bull,76719.47,2026-05-21 13:00,78098.16,2026-05-21 17:00,77230.0,2026-05-21 18:00,,413.50396982222657,-1,C? tentatif
2026-05-21 21:00,314,C_LOCKED,bear,78200.0,2026-05-21 08:00,76719.47,2026-05-21 13:00,78098.16,2026-05-21 17:00,,413.50396982222657,-1,zona fibo oranye; via pivot
2026-05-22 01:00,318,B_LINE_TRACKING,bear,82048.13,2026-05-14 17:00,77640.0,2026-05-16 10:00,78364.65,2026-05-16 16:00,,361.5427361540152,-1,"level B aktif, dipantau"
2026-05-22 02:00,319,CANDIDATE_FAILED,bear,82048.13,2026-05-14 17:00,77640.0,2026-05-16 10:00,78364.65,2026-05-16 16:00,,360.4482550001571,-1,kandidat gugur ✖ (buffer ATR); boleh breakout ulang
2026-05-22 05:00,322,C_LOCKED,bull,76719.47,2026-05-21 13:00,78098.16,2026-05-21 17:00,77327.28,2026-05-22 01:00,,325.19551976506676,-1,zona fibo hijau; via pivot
2026-05-22 05:00,322,WAVE_STARTED,bear,78098.16,2026-05-21 17:00,77327.28,2026-05-22 01:00,77900.0,2026-05-22 04:00,,325.19551976506676,-1,C? tentatif
2026-05-22 06:00,323,B_LINE_TRACKING,bear,82048.13,2026-05-14 17:00,77640.0,2026-05-16 10:00,78364.65,2026-05-16 16:00,,321.35583978184786,-1,"level B aktif, dipantau"
2026-05-22 08:00,325,WAVE_STARTED,bull,77327.28,2026-05-22 01:00,77900.0,2026-05-22 04:00,77288.77,2026-05-22 07:00,,305.58432103639007,-1,C? tentatif
2026-05-22 08:00,325,C_LOCKED,bear,78098.16,2026-05-21 17:00,77327.28,2026-05-22 01:00,77900.0,2026-05-22 04:00,,305.58432103639007,-1,zona fibo hijau; via pivot
2026-05-22 09:00,326,WAVE_CANCELLED,bull,77327.28,2026-05-22 01:00,77900.0,2026-05-22 04:00,77288.77,2026-05-22 07:00,,306.54258381950507,-1,
2026-05-22 09:00,326,B_LINE_TRACKING,bear,78098.16,2026-05-21 17:00,77327.28,2026-05-22 01:00,77900.0,2026-05-22 04:00,,306.54258381950507,-1,"level B aktif, dipantau"
2026-05-22 09:00,326,BREAK,bear,78098.16,2026-05-21 17:00,77327.28,2026-05-22 01:00,77900.0,2026-05-22 04:00,74.3,306.54258381950507,-1,ATR Str A1 A2 C2
2026-05-22 16:00,333,WAVE_STARTED,bull,77327.28,2026-05-22 01:00,77584.94,2026-05-22 12:00,76570.0,2026-05-22 15:00,,313.00888442093816,-1,C? tentatif
2026-05-22 17:00,334,WAVE_CANCELLED,bull,77327.28,2026-05-22 01:00,77584.94,2026-05-22 12:00,76570.0,2026-05-22 15:00,,307.77182124801413,-1,
2026-05-22 19:00,336,CANDIDATE_INVALIDATED,bull,76719.47,2026-05-21 13:00,78098.16,2026-05-21 17:00,77327.28,2026-05-22 01:00,,345.1010091373184,-1,
2026-05-22 19:00,336,B_LINE_TRACKING,bear,78200.0,2026-05-21 08:00,76719.47,2026-05-21 13:00,78098.16,2026-05-21 17:00,,345.1010091373184,-1,"level B aktif, dipantau"
2026-05-23 04:00,345,WAVE_STARTED,bear,77584.94,2026-05-22 12:00,75220.0,2026-05-23 00:00,75664.62,2026-05-23 03:00,,331.3257942300285,-1,C? tentatif
2026-05-23 07:00,348,WAVE_STARTED,bull,75220.0,2026-05-23 00:00,75664.62,2026-05-23 03:00,75394.54,2026-05-23 06:00,,287.8699598846115,-1,C? tentatif
2026-05-23 07:00,348,C_LOCKED,bear,77584.94,2026-05-22 12:00,75220.0,2026-05-23 00:00,75664.62,2026-05-23 03:00,,287.8699598846115,-1,zona fibo abu; via pivot
2026-05-23 08:00,349,WAVE_CANCELLED,bull,75220.0,2026-05-23 00:00,75664.62,2026-05-23 03:00,75394.54,2026-05-23 06:00,,349.7249627499961,-1,
2026-05-23 08:00,349,B_LINE_TRACKING,bear,77584.94,2026-05-22 12:00,75220.0,2026-05-23 00:00,75664.62,2026-05-23 03:00,,349.7249627499961,-1,"level B aktif, dipantau"
2026-05-23 11:00,352,WAVE_STARTED,bear,77584.94,2026-05-22 12:00,74289.6,2026-05-23 07:00,74797.01,2026-05-23 10:00,,325.7936709773102,-1,C? tentatif
2026-05-23 14:00,355,CANDIDATE_FAILED,bear,77584.94,2026-05-22 12:00,75220.0,2026-05-23 00:00,75664.62,2026-05-23 03:00,,316.75916003540516,-1,kandidat gugur ✖ (buffer ATR); boleh breakout ulang
2026-05-23 18:00,359,WAVE_STARTED,bull,74289.6,2026-05-23 07:00,75726.3,2026-05-23 14:00,75371.72,2026-05-23 17:00,,313.07248125185413,-1,C? tentatif
2026-05-23 18:00,359,C_LOCKED,bear,77584.94,2026-05-22 12:00,74289.6,2026-05-23 07:00,75726.3,2026-05-23 14:00,,313.07248125185413,-1,zona fibo abu; via pivot
2026-05-23 19:00,360,C_LOCKED,bull,74289.6,2026-05-23 07:00,75726.3,2026-05-23 14:00,75371.72,2026-05-23 17:00,,327.43873259100826,1,zona fibo abu; via breakout
2026-05-23 19:00,360,B_LINE_TRACKING,bull,74289.6,2026-05-23 07:00,75726.3,2026-05-23 14:00,75371.72,2026-05-23 17:00,,327.43873259100826,1,"level B aktif, dipantau"
2026-05-23 21:00,362,CANDIDATE_FAILED,bear,78200.0,2026-05-21 08:00,76719.47,2026-05-21 13:00,78098.16,2026-05-21 17:00,,393.82217248918596,1,kandidat gugur ✖ (buffer ATR); boleh breakout ulang
2026-05-23 23:00,364,B_LINE_TRACKING,bear,78200.0,2026-05-21 08:00,76719.47,2026-05-21 13:00,78098.16,2026-05-21 17:00,,431.9435058707778,1,"level B aktif, dipantau"
2026-05-24 00:00,365,CANDIDATE_FAILED,bear,78200.0,2026-05-21 08:00,76719.47,2026-05-21 13:00,78098.16,2026-05-21 17:00,,421.3503983085794,1,kandidat gugur ✖ (buffer ATR); boleh breakout ulang
2026-05-24 01:00,366,WAVE_STARTED,bull,74289.6,2026-05-23 07:00,77404.18,2026-05-23 21:00,76396.06,2026-05-23 22:00,,412.7989412865373,1,C? tentatif
2026-05-24 09:00,374,C_LOCKED,bull,74289.6,2026-05-23 07:00,77404.18,2026-05-23 21:00,76651.59,2026-05-24 05:00,,325.41671845056925,1,zona fibo abu; via pivot
2026-05-24 09:00,374,WAVE_STARTED,bear,77404.18,2026-05-23 21:00,76651.59,2026-05-24 05:00,77065.94,2026-05-24 06:00,,325.41671845056925,1,C? tentatif
2026-05-24 10:00,375,WAVE_STARTED,bull,74289.6,2026-05-23 07:00,77065.94,2026-05-24 06:00,76734.42,2026-05-24 08:00,,318.2305242755284,1,C? tentatif
2026-05-24 10:00,375,C_LOCKED,bear,77404.18,2026-05-23 21:00,76651.59,2026-05-24 05:00,77065.94,2026-05-24 06:00,,318.2305242755284,1,zona fibo hijau; via pivot
2026-05-24 10:00,375,CANDIDATE_EVICTED,bear,82048.13,2026-05-14 17:00,80314.0,2026-05-15 05:00,81003.37,2026-05-15 07:00,,318.2305242755284,1,
2026-05-24 11:00,376,C_LOCKED,bull,74289.6,2026-05-23 07:00,77065.94,2026-05-24 06:00,76734.42,2026-05-24 08:00,,339.5076296844193,1,zona fibo abu; via breakout
2026-05-24 11:00,376,B_LINE_TRACKING,bull,74289.6,2026-05-23 07:00,77065.94,2026-05-24 06:00,76734.42,2026-05-24 08:00,,339.5076296844193,1,"level B aktif, dipantau"
2026-05-24 14:00,379,WAVE_STARTED,bull,74289.6,2026-05-23 07:00,77543.15,2026-05-24 10:00,76688.89,2026-05-24 13:00,,332.0150336795441,1,C? tentatif
2026-05-24 14:00,379,CANDIDATE_FAILED,bull,74289.6,2026-05-23 07:00,77065.94,2026-05-24 06:00,76734.42,2026-05-24 08:00,,332.0150336795441,1,kandidat gugur ✖ (buffer ATR); boleh breakout ulang
2026-05-24 15:00,380,B_LINE_TRACKING,bear,77404.18,2026-05-23 21:00,76651.59,2026-05-24 05:00,77065.94,2026-05-24 06:00,,354.34610270243337,1,"level B aktif, dipantau"
2026-05-24 15:00,380,BREAK_HIDDEN_BY_TREND,bear,77404.18,2026-05-23 21:00,76651.59,2026-05-24 05:00,77065.94,2026-05-24 06:00,55.1,354.34610270243337,1,"mesin lihat break, chart sembunyikan (lawan trend ST)"
2026-05-24 15:00,380,B_LINE_TRACKING,bear,78200.0,2026-05-21 08:00,76719.47,2026-05-21 13:00,78098.16,2026-05-21 17:00,,354.34610270243337,1,"level B aktif, dipantau"
2026-05-24 17:00,382,CANDIDATE_FAILED,bear,78200.0,2026-05-21 08:00,76719.47,2026-05-21 13:00,78098.16,2026-05-21 17:00,,343.15424161587447,1,kandidat gugur ✖ (buffer ATR); boleh breakout ulang
2026-05-24 18:00,383,C_LOCKED,bull,74289.6,2026-05-23 07:00,77543.15,2026-05-24 10:00,76195.36,2026-05-24 14:00,,335.3460815004556,1,zona fibo abu; via pivot
2026-05-24 18:00,383,WAVE_STARTED,bear,77543.15,2026-05-24 10:00,76195.36,2026-05-24 14:00,76799.99,2026-05-24 17:00,,335.3460815004556,1,C? tentatif
2026-05-24 19:00,384,B_LINE_TRACKING,bear,78200.0,2026-05-21 08:00,76719.47,2026-05-21 13:00,78098.16,2026-05-21 17:00,,325.10778996470845,1,"level B aktif, dipantau"
2026-05-24 20:00,385,CANDIDATE_FAILED,bear,78200.0,2026-05-21 08:00,76719.47,2026-05-21 13:00,78098.16,2026-05-21 17:00,,314.195804967229,1,kandidat gugur ✖ (buffer ATR); boleh breakout ulang
2026-05-24 21:00,386,B_LINE_TRACKING,bear,78200.0,2026-05-21 08:00,76719.47,2026-05-21 13:00,78098.16,2026-05-21 17:00,,306.0253903267125,1,"level B aktif, dipantau"
2026-05-24 22:00,387,C_LOCKED,bear,77543.15,2026-05-24 10:00,76195.36,2026-05-24 14:00,76799.99,2026-05-24 17:00,,329.88929101766126,-1,zona fibo abu; via breakout
2026-05-24 23:00,388,CANDIDATE_FAILED,bear,78200.0,2026-05-21 08:00,76719.47,2026-05-21 13:00,78098.16,2026-05-21 17:00,,369.1836273735422,-1,kandidat gugur ✖ (buffer ATR); boleh breakout ulang
2026-05-25 01:00,390,WAVE_STARTED,bear,77543.15,2026-05-24 10:00,76108.0,2026-05-24 21:00,77288.0,2026-05-25 00:00,,362.2473113577991,-1,C? tentatif
2026-05-25 01:00,390,B_LINE_TRACKING,bull,74289.6,2026-05-23 07:00,77065.94,2026-05-24 06:00,76734.42,2026-05-24 08:00,,362.2473113577991,-1,"level B aktif, dipantau"
2026-05-25 02:00,391,CANDIDATE_FAILED,bull,74289.6,2026-05-23 07:00,77065.94,2026-05-24 06:00,76734.42,2026-05-24 08:00,,360.0453605465276,-1,kandidat gugur ✖ (buffer ATR); boleh breakout ulang
2026-05-25 05:00,394,B_LINE_TRACKING,bull,74289.6,2026-05-23 07:00,77065.94,2026-05-24 06:00,76734.42,2026-05-24 08:00,,365.43028685157475,-1,"level B aktif, dipantau"
2026-05-25 09:00,398,B_LINE_TRACKING,bull,74289.6,2026-05-23 07:00,77404.18,2026-05-23 21:00,76651.59,2026-05-24 05:00,,343.75005786046995,1,"level B aktif, dipantau"
2026-05-25 10:00,399,WAVE_CANCELLED,bear,77543.15,2026-05-24 10:00,76108.0,2026-05-24 21:00,77650.0,2026-05-25 06:00,,338.8250537275795,1,
2026-05-25 10:00,399,B_LINE_TRACKING,bull,74289.6,2026-05-23 07:00,77543.15,2026-05-24 10:00,76195.36,2026-05-24 14:00,,338.8250537275795,1,"level B aktif, dipantau"
2026-05-25 10:00,399,CANDIDATE_INVALIDATED,bear,77543.15,2026-05-24 10:00,76195.36,2026-05-24 14:00,76799.99,2026-05-24 17:00,,338.8250537275795,1,
2026-05-25 10:00,399,CANDIDATE_INVALIDATED,bear,77584.94,2026-05-22 12:00,74289.6,2026-05-23 07:00,75726.3,2026-05-23 14:00,,338.8250537275795,1,
2026-05-25 10:00,399,CANDIDATE_INVALIDATED,bear,77584.94,2026-05-22 12:00,75220.0,2026-05-23 00:00,75664.62,2026-05-23 03:00,,338.8250537275795,1,
2026-05-25 10:00,399,CANDIDATE_FAILED,bear,82048.13,2026-05-14 17:00,77640.0,2026-05-16 10:00,78364.65,2026-05-16 16:00,,338.8250537275795,1,kandidat gugur ✖ (buffer ATR); boleh breakout ulang
2026-05-25 11:00,400,CANDIDATE_FAILED,bull,74289.6,2026-05-23 07:00,77543.15,2026-05-24 10:00,76195.36,2026-05-24 14:00,,328.2661213184666,1,kandidat gugur ✖ (buffer ATR); boleh breakout ulang
2026-05-25 11:00,400,B_LINE_TRACKING,bear,82048.13,2026-05-14 17:00,77640.0,2026-05-16 10:00,78364.65,2026-05-16 16:00,,328.2661213184666,1,"level B aktif, dipantau"
2026-05-25 12:00,401,CANDIDATE_FAILED,bull,74289.6,2026-05-23 07:00,77404.18,2026-05-23 21:00,76651.59,2026-05-24 05:00,,319.9842555100042,1,kandidat gugur ✖ (buffer ATR); boleh breakout ulang
2026-05-25 13:00,402,WAVE_STARTED,bull,76108.0,2026-05-24 21:00,77699.97,2026-05-25 09:00,77286.5,2026-05-25 12:00,,308.1253801164329,1,C? tentatif
2026-05-25 15:00,404,C_LOCKED,bull,76108.0,2026-05-24 21:00,77699.97,2026-05-25 09:00,77286.5,2026-05-25 12:00,,310.0132104065165,1,zona fibo abu; via breakout
2026-05-25 15:00,404,B_LINE_TRACKING,bull,74289.6,2026-05-23 07:00,77543.15,2026-05-24 10:00,76195.36,2026-05-24 14:00,,310.0132104065165,1,"level B aktif, dipantau"
2026-05-25 15:00,404,B_LINE_TRACKING,bull,74289.6,2026-05-23 07:00,77404.18,2026-05-23 21:00,76651.59,2026-05-24 05:00,,310.0132104065165,1,"level B aktif, dipantau"
2026-05-25 15:00,404,CANDIDATE_FAILED,bear,82048.13,2026-05-14 17:00,77640.0,2026-05-16 10:00,78364.65,2026-05-16 16:00,,310.0132104065165,1,kandidat gugur ✖ (buffer ATR); boleh breakout ulang
2026-05-25 18:00,407,CANDIDATE_FAILED,bull,74289.6,2026-05-23 07:00,77543.15,2026-05-24 10:00,76195.36,2026-05-24 14:00,,307.6206863203771,1,kandidat gugur ✖ (buffer ATR); boleh breakout ulang
2026-05-25 18:00,407,B_LINE_TRACKING,bear,82048.13,2026-05-14 17:00,77640.0,2026-05-16 10:00,78364.65,2026-05-16 16:00,,307.6206863203771,1,"level B aktif, dipantau"
2026-05-25 19:00,408,WAVE_STARTED,bull,76108.0,2026-05-24 21:00,77905.52,2026-05-25 15:00,77508.88,2026-05-25 16:00,,293.8356372974923,1,C? tentatif
2026-05-25 20:00,409,CANDIDATE_FAILED,bull,74289.6,2026-05-23 07:00,77404.18,2026-05-23 21:00,76651.59,2026-05-24 05:00,,287.1173774905285,1,kandidat gugur ✖ (buffer ATR); boleh breakout ulang
2026-05-26 01:00,414,CANDIDATE_FAILED,bull,74289.6,2026-05-23 07:00,77065.94,2026-05-24 06:00,76734.42,2026-05-24 08:00,,321.14742737510875,-1,kandidat gugur ✖ (buffer ATR); boleh breakout ulang
2026-05-26 03:00,416,B_LINE_TRACKING,bear,78200.0,2026-05-21 08:00,76719.47,2026-05-21 13:00,78098.16,2026-05-21 17:00,,317.8297205428236,-1,"level B aktif, dipantau"
2026-05-26 05:00,418,CANDIDATE_FAILED,bear,78200.0,2026-05-21 08:00,76719.47,2026-05-21 13:00,78098.16,2026-05-21 17:00,,304.34511618233364,-1,kandidat gugur ✖ (buffer ATR); boleh breakout ulang
2026-05-26 07:00,420,C_LOCKED,bull,76108.0,2026-05-24 21:00,77905.52,2026-05-25 15:00,76475.59,2026-05-26 03:00,,301.6238501776244,-1,zona fibo oranye; via pivot
2026-05-26 07:00,420,WAVE_STARTED,bear,77905.52,2026-05-25 15:00,76475.59,2026-05-26 03:00,77059.74,2026-05-26 06:00,,301.6238501776244,-1,C? tentatif
2026-05-26 10:00,423,WAVE_STARTED,bull,76475.59,2026-05-26 03:00,77059.74,2026-05-26 06:00,76603.73,2026-05-26 07:00,,282.80354914002953,-1,C? tentatif
2026-05-26 10:00,423,C_LOCKED,bear,77905.52,2026-05-25 15:00,76475.59,2026-05-26 03:00,77059.74,2026-05-26 06:00,,282.80354914002953,-1,zona fibo abu; via pivot
2026-05-26 10:00,423,B_LINE_TRACKING,bear,78200.0,2026-05-21 08:00,76719.47,2026-05-21 13:00,78098.16,2026-05-21 17:00,,282.80354914002953,-1,"level B aktif, dipantau"
2026-05-26 11:00,424,C_LOCKED,bull,76475.59,2026-05-26 03:00,77059.74,2026-05-26 06:00,76586.94,2026-05-26 10:00,,336.51829563002724,-1,zona fibo oranye; via breakout
2026-05-26 11:00,424,B_LINE_TRACKING,bull,76475.59,2026-05-26 03:00,77059.74,2026-05-26 06:00,76586.94,2026-05-26 10:00,,336.51829563002724,-1,"level B aktif, dipantau"
2026-05-26 11:00,424,B_LINE_TRACKING,bull,74289.6,2026-05-23 07:00,77065.94,2026-05-24 06:00,76734.42,2026-05-24 08:00,,336.51829563002724,-1,"level B aktif, dipantau"
2026-05-26 11:00,424,CANDIDATE_FAILED,bear,78200.0,2026-05-21 08:00,76719.47,2026-05-21 13:00,78098.16,2026-05-21 17:00,,336.51829563002724,-1,kandidat gugur ✖ (buffer ATR); boleh breakout ulang
2026-05-26 14:00,427,WAVE_STARTED,bull,76475.59,2026-05-26 03:00,77621.75,2026-05-26 10:00,76691.88,2026-05-26 13:00,,369.1683839282677,-1,C? tentatif
2026-05-26 14:00,427,WAVE_STARTED,bear,77905.52,2026-05-25 15:00,76586.94,2026-05-26 10:00,77516.93,2026-05-26 11:00,,369.1683839282677,-1,C? tentatif
2026-05-26 15:00,428,CANDIDATE_FAILED,bull,76475.59,2026-05-26 03:00,77059.74,2026-05-26 06:00,76586.94,2026-05-26 10:00,,439.61135650481964,-1,kandidat gugur ✖ (buffer ATR); boleh breakout ulang
2026-05-26 15:00,428,CANDIDATE_FAILED,bull,74289.6,2026-05-23 07:00,77065.94,2026-05-24 06:00,76734.42,2026-05-24 08:00,,439.61135650481964,-1,kandidat gugur ✖ (buffer ATR); boleh breakout ulang
2026-05-26 16:00,429,WAVE_STRUCT_REJECTED,bear,77905.52,2026-05-25 15:00,76586.94,2026-05-26 10:00,78080.0,2026-05-26 14:00,,461.02268818304645,-1,
2026-05-26 16:00,429,B_LINE_TRACKING,bear,78200.0,2026-05-21 08:00,76719.47,2026-05-21 13:00,78098.16,2026-05-21 17:00,,461.02268818304645,-1,"level B aktif, dipantau"
2026-05-26 18:00,431,WAVE_CANCELLED,bull,76475.59,2026-05-26 03:00,77621.75,2026-05-26 10:00,76209.58,2026-05-26 16:00,,487.84267501497345,-1,
2026-05-26 18:00,431,CANDIDATE_INVALIDATED,bull,76475.59,2026-05-26 03:00,77059.74,2026-05-26 06:00,76586.94,2026-05-26 10:00,,487.84267501497345,-1,
2026-05-26 18:00,431,CANDIDATE_INVALIDATED,bull,76108.0,2026-05-24 21:00,77905.52,2026-05-25 15:00,76475.59,2026-05-26 03:00,,487.84267501497345,-1,
2026-05-26 18:00,431,CANDIDATE_INVALIDATED,bull,76108.0,2026-05-24 21:00,77699.97,2026-05-25 09:00,77286.5,2026-05-25 12:00,,487.84267501497345,-1,
2026-05-26 18:00,431,B_LINE_TRACKING,bear,77905.52,2026-05-25 15:00,76475.59,2026-05-26 03:00,77059.74,2026-05-26 06:00,,487.84267501497345,-1,"level B aktif, dipantau"
2026-05-26 22:00,435,WAVE_STARTED,bear,78080.0,2026-05-26 14:00,75779.3,2026-05-26 18:00,76180.0,2026-05-26 20:00,,441.5817534647718,-1,C? tentatif
2026-05-26 23:00,436,C_LOCKED,bear,78080.0,2026-05-26 14:00,75779.3,2026-05-26 18:00,76180.0,2026-05-26 20:00,,432.96662821728813,-1,zona fibo abu; via breakout
2026-05-26 23:00,436,CANDIDATE_FAILED,bull,74289.6,2026-05-23 07:00,75726.3,2026-05-23 14:00,75371.72,2026-05-23 17:00,,432.96662821728813,-1,kandidat gugur ✖ (buffer ATR); boleh breakout ulang
2026-05-27 00:00,437,B_LINE_TRACKING,bull,74289.6,2026-05-23 07:00,75726.3,2026-05-23 14:00,75371.72,2026-05-23 17:00,,418.99972620176703,-1,"level B aktif, dipantau"
2026-05-27 02:00,439,WAVE_STARTED,bear,78080.0,2026-05-26 14:00,75677.97,2026-05-26 22:00,76104.02,2026-05-27 01:00,,395.67399861274777,-1,C? tentatif
2026-05-27 04:00,441,CANDIDATE_FAILED,bull,74289.6,2026-05-23 07:00,75726.3,2026-05-23 14:00,75371.72,2026-05-23 17:00,,380.60084574262436,-1,kandidat gugur ✖ (buffer ATR); boleh breakout ulang
2026-05-27 04:00,441,B_LINE_TRACKING,bear,78080.0,2026-05-26 14:00,75779.3,2026-05-26 18:00,76180.0,2026-05-26 20:00,,380.60084574262436,-1,"level B aktif, dipantau"
2026-05-27 05:00,442,C_LOCKED,bear,78080.0,2026-05-26 14:00,75677.97,2026-05-26 22:00,76104.02,2026-05-27 01:00,,381.69149961815185,-1,zona fibo abu; via pivot
2026-05-27 05:00,442,B_LINE_TRACKING,bear,78080.0,2026-05-26 14:00,75677.97,2026-05-26 22:00,76104.02,2026-05-27 01:00,,381.69149961815185,-1,"level B aktif, dipantau"
2026-05-27 06:00,443,CANDIDATE_FAILED,bear,78080.0,2026-05-26 14:00,75677.97,2026-05-26 22:00,76104.02,2026-05-27 01:00,,365.8821067882839,-1,kandidat gugur ✖ (buffer ATR); boleh breakout ulang
2026-05-27 07:00,444,B_LINE_TRACKING,bull,74289.6,2026-05-23 07:00,75726.3,2026-05-23 14:00,75371.72,2026-05-23 17:00,,354.7469563034069,-1,"level B aktif, dipantau"
2026-05-27 07:00,444,CANDIDATE_FAILED,bear,78080.0,2026-05-26 14:00,75779.3,2026-05-26 18:00,76180.0,2026-05-26 20:00,,354.7469563034069,-1,kandidat gugur ✖ (buffer ATR); boleh breakout ulang
2026-05-27 08:00,445,WAVE_STARTED,bear,78080.0,2026-05-26 14:00,75310.9,2026-05-27 04:00,75980.0,2026-05-27 07:00,,344.83645942459214,-1,C? tentatif
2026-05-27 12:00,449,WAVE_STARTED,bull,75310.9,2026-05-27 04:00,76071.41,2026-05-27 08:00,75710.76,2026-05-27 09:00,,316.4219004484012,-1,C? tentatif
2026-05-27 12:00,449,C_LOCKED,bear,78080.0,2026-05-26 14:00,75310.9,2026-05-27 04:00,76071.41,2026-05-27 08:00,,316.4219004484012,-1,zona fibo abu; via pivot
2026-05-27 12:00,449,CANDIDATE_EVICTED,bear,82048.13,2026-05-14 17:00,78659.0,2026-05-15 14:00,79561.94,2026-05-15 18:00,,316.4219004484012,-1,
2026-05-27 12:00,449,CANDIDATE_FAILED,bull,74289.6,2026-05-23 07:00,75726.3,2026-05-23 14:00,75371.72,2026-05-23 17:00,,316.4219004484012,-1,kandidat gugur ✖ (buffer ATR); boleh breakout ulang
2026-05-27 13:00,450,B_LINE_TRACKING,bear,78080.0,2026-05-26 14:00,75779.3,2026-05-26 18:00,76180.0,2026-05-26 20:00,,336.56319327351497,-1,"level B aktif, dipantau"
2026-05-27 14:00,451,WAVE_CANCELLED,bull,75310.9,2026-05-27 04:00,76071.41,2026-05-27 08:00,75575.75,2026-05-27 12:00,,376.3672508968358,-1,
2026-05-27 14:00,451,B_LINE_TRACKING,bear,78080.0,2026-05-26 14:00,75310.9,2026-05-27 04:00,76071.41,2026-05-27 08:00,,376.3672508968358,-1,"level B aktif, dipantau"
2026-05-27 14:00,451,B_LINE_TRACKING,bear,78080.0,2026-05-26 14:00,75677.97,2026-05-26 22:00,76104.02,2026-05-27 01:00,,376.3672508968358,-1,"level B aktif, dipantau"
2026-05-27 16:00,453,WAVE_STARTED,bull,75310.9,2026-05-27 04:00,76174.15,2026-05-27 12:00,74758.33,2026-05-27 14:00,,395.7677826610464,-1,C? tentatif
2026-05-27 16:00,453,CANDIDATE_FAILED,bear,78080.0,2026-05-26 14:00,75310.9,2026-05-27 04:00,76071.41,2026-05-27 08:00,,395.7677826610464,-1,kandidat gugur ✖ (buffer ATR); boleh breakout ulang
2026-05-27 17:00,454,WAVE_CANCELLED,bull,75310.9,2026-05-27 04:00,76174.15,2026-05-27 12:00,74758.33,2026-05-27 14:00,,396.64222675668555,-1,
2026-05-27 18:00,455,B_LINE_TRACKING,bear,78080.0,2026-05-26 14:00,75310.9,2026-05-27 04:00,76071.41,2026-05-27 08:00,,415.3413534169218,-1,"level B aktif, dipantau"
2026-05-27 21:00,458,CANDIDATE_FAILED,bear,78080.0,2026-05-26 14:00,75310.9,2026-05-27 04:00,76071.41,2026-05-27 08:00,,391.0629640878192,-1,kandidat gugur ✖ (buffer ATR); boleh breakout ulang
2026-05-27 22:00,459,B_LINE_TRACKING,bear,78080.0,2026-05-26 14:00,75310.9,2026-05-27 04:00,76071.41,2026-05-27 08:00,,429.75989522440403,-1,"level B aktif, dipantau"
2026-05-28 00:00,461,WAVE_STARTED,bull,75310.9,2026-05-27 04:00,75415.81,2026-05-27 20:00,74243.99,2026-05-27 23:00,,428.11853210675594,-1,C? tentatif
2026-05-28 01:00,462,WAVE_CANCELLED,bull,75310.9,2026-05-27 04:00,75415.81,2026-05-27 20:00,74243.99,2026-05-27 23:00,,412.76077981341626,-1,
2026-05-28 03:00,464,CANDIDATE_INVALIDATED,bull,74289.6,2026-05-23 07:00,77543.15,2026-05-24 10:00,76195.36,2026-05-24 14:00,,404.1969479003434,-1,
2026-05-28 03:00,464,CANDIDATE_INVALIDATED,bull,74289.6,2026-05-23 07:00,77065.94,2026-05-24 06:00,76734.42,2026-05-24 08:00,,404.1969479003434,-1,
2026-05-28 03:00,464,CANDIDATE_INVALIDATED,bull,74289.6,2026-05-23 07:00,77404.18,2026-05-23 21:00,76651.59,2026-05-24 05:00,,404.1969479003434,-1,
2026-05-28 03:00,464,CANDIDATE_INVALIDATED,bull,74289.6,2026-05-23 07:00,75726.3,2026-05-23 14:00,75371.72,2026-05-23 17:00,,404.1969479003434,-1,
2026-05-28 08:00,469,WAVE_STARTED,bear,76174.15,2026-05-27 12:00,72728.85,2026-05-28 04:00,73512.14,2026-05-28 07:00,,451.61286483452193,-1,C? tentatif
2026-05-28 14:00,475,WAVE_STARTED,bull,72728.85,2026-05-28 04:00,73616.0,2026-05-28 10:00,72771.64,2026-05-28 13:00,,428.3858781004633,-1,C? tentatif
2026-05-28 14:00,475,C_LOCKED,bear,76174.15,2026-05-27 12:00,72728.85,2026-05-28 04:00,73616.0,2026-05-28 10:00,,428.3858781004633,-1,zona fibo abu; via pivot
2026-05-28 14:00,475,CANDIDATE_EVICTED,bear,82048.13,2026-05-14 17:00,78911.42,2026-05-15 21:00,79227.77,2026-05-16 00:00,,428.3858781004633,-1,
2026-05-28 18:00,479,WAVE_STRUCT_REJECTED,bull,72728.85,2026-05-28 04:00,73616.0,2026-05-28 10:00,72582.82,2026-05-28 14:00,,480.9604475850515,-1,
2026-05-28 18:00,479,WAVE_STARTED,bear,73616.0,2026-05-28 10:00,72582.82,2026-05-28 14:00,73734.72,2026-05-28 17:00,,480.9604475850515,-1,C? tentatif
2026-05-28 19:00,480,WAVE_CANCELLED,bear,73616.0,2026-05-28 10:00,72582.82,2026-05-28 14:00,73734.72,2026-05-28 17:00,,463.40041561469036,-1,
2026-05-29 00:00,485,WAVE_STARTED,bear,73616.0,2026-05-28 10:00,73241.48,2026-05-28 20:00,73949.22,2026-05-28 22:00,,435.3583505474385,-1,C? tentatif
2026-05-29 01:00,486,WAVE_CANCELLED,bear,73616.0,2026-05-28 10:00,73241.48,2026-05-28 20:00,73949.22,2026-05-28 22:00,,421.20846836547923,-1,
2026-05-29 02:00,487,WAVE_STARTED,bull,72582.82,2026-05-28 14:00,73949.22,2026-05-28 22:00,73463.52,2026-05-29 01:00,,420.0371491965162,-1,C? tentatif
2026-05-29 06:00,491,C_LOCKED,bull,72582.82,2026-05-28 14:00,73949.22,2026-05-28 22:00,73189.11,2026-05-29 02:00,,388.2003219544379,-1,zona fibo hijau; via pivot
2026-05-29 06:00,491,WAVE_STARTED,bear,73949.22,2026-05-28 22:00,73189.11,2026-05-29 02:00,73719.39,2026-05-29 05:00,,388.2003219544379,-1,C? tentatif
2026-05-29 10:00,495,WAVE_STARTED,bull,73189.11,2026-05-29 02:00,73939.19,2026-05-29 06:00,73373.37,2026-05-29 07:00,,372.545083697957,-1,C? tentatif
2026-05-29 10:00,495,C_LOCKED,bear,73949.22,2026-05-28 22:00,73189.11,2026-05-29 02:00,73939.19,2026-05-29 06:00,,372.545083697957,-1,zona fibo oranye; via pivot
2026-05-29 10:00,495,CANDIDATE_EVICTED,bear,82048.13,2026-05-14 17:00,77640.0,2026-05-16 10:00,78364.65,2026-05-16 16:00,,372.545083697957,-1,
2026-05-29 14:00,499,WAVE_CANCELLED,bull,73189.11,2026-05-29 02:00,73939.19,2026-05-29 06:00,73202.0,2026-05-29 12:00,,359.0836488832072,-1,
2026-05-29 15:00,500,B_LINE_TRACKING,bear,73949.22,2026-05-28 22:00,73189.11,2026-05-29 02:00,73939.19,2026-05-29 06:00,,382.4119596772634,-1,"level B aktif, dipantau"
2026-05-29 16:00,501,CANDIDATE_FAILED,bear,73949.22,2026-05-28 22:00,73189.11,2026-05-29 02:00,73939.19,2026-05-29 06:00,,440.1696768431734,-1,kandidat gugur ✖ (buffer ATR); boleh breakout ulang
2026-05-29 17:00,502,B_LINE_TRACKING,bull,72582.82,2026-05-28 14:00,73949.22,2026-05-28 22:00,73189.11,2026-05-29 02:00,,448.65755706866105,1,"level B aktif, dipantau"
2026-05-29 17:00,502,BREAK,bull,72582.82,2026-05-28 14:00,73949.22,2026-05-28 22:00,73189.11,2026-05-29 02:00,55.6,448.65755706866105,1,ATR Str A1 A2 C2
2026-05-29 17:00,502,CANDIDATE_INVALIDATED,bear,73949.22,2026-05-28 22:00,73189.11,2026-05-29 02:00,73939.19,2026-05-29 06:00,,448.65755706866105,1,
2026-05-29 18:00,503,WAVE_STARTED,bear,73939.19,2026-05-29 06:00,72512.49,2026-05-29 14:00,74514.1,2026-05-29 17:00,,458.66558870661413,1,C? tentatif
2026-05-29 21:00,506,WAVE_STARTED,bull,72512.49,2026-05-29 14:00,74514.1,2026-05-29 17:00,73187.25,2026-05-29 18:00,,471.2887895001565,1,C? tentatif
2026-05-29 21:00,506,WAVE_STRUCT_REJECTED,bear,73939.19,2026-05-29 06:00,72512.49,2026-05-29 14:00,74514.1,2026-05-29 17:00,,471.2887895001565,1,
2026-05-30 03:00,512,C_LOCKED,bull,72512.49,2026-05-29 14:00,74514.1,2026-05-29 17:00,73320.0,2026-05-29 23:00,,380.15433690448674,1,zona fibo hijau; via pivot
2026-05-30 03:00,512,WAVE_STARTED,bear,74514.1,2026-05-29 17:00,73320.0,2026-05-29 23:00,73786.7,2026-05-30 02:00,,380.15433690448674,1,C? tentatif
2026-05-30 07:00,516,WAVE_STARTED,bull,72512.49,2026-05-29 14:00,73796.43,2026-05-30 03:00,73216.0,2026-05-30 04:00,,352.28467295733645,1,C? tentatif
2026-05-30 07:00,516,C_LOCKED,bear,74514.1,2026-05-29 17:00,73320.0,2026-05-29 23:00,73796.43,2026-05-30 03:00,,352.28467295733645,1,zona fibo abu; via pivot
2026-05-30 08:00,517,C_LOCKED,bull,72512.49,2026-05-29 14:00,73796.43,2026-05-30 03:00,73216.0,2026-05-30 04:00,,334.4214820318122,1,zona fibo abu; via pivot
2026-05-30 08:00,517,WAVE_STARTED,bear,74514.1,2026-05-29 17:00,73216.0,2026-05-30 04:00,73709.91,2026-05-30 06:00,,334.4214820318122,1,C? tentatif
2026-05-30 15:00,524,B_LINE_TRACKING,bull,72512.49,2026-05-29 14:00,73796.43,2026-05-30 03:00,73216.0,2026-05-30 04:00,,255.77136304290096,1,"level B aktif, dipantau"
2026-05-30 18:00,527,WAVE_STARTED,bull,73216.0,2026-05-30 04:00,74100.0,2026-05-30 14:00,73811.3,2026-05-30 17:00,,241.35092733427527,1,C? tentatif
2026-05-30 18:00,527,C_LOCKED,bear,74514.1,2026-05-29 17:00,73216.0,2026-05-30 04:00,74100.0,2026-05-30 14:00,,241.35092733427527,1,zona fibo hijau; via pivot
2026-05-30 18:00,527,CANDIDATE_EVICTED,bear,78599.99,2026-05-17 10:00,77850.0,2026-05-17 14:00,78485.36,2026-05-17 21:00,,241.35092733427527,1,
2026-05-30 21:00,530,C_LOCKED,bull,73216.0,2026-05-30 04:00,74100.0,2026-05-30 14:00,73811.3,2026-05-30 17:00,,218.58598664482562,1,zona fibo abu; via pivot
2026-05-30 22:00,531,WAVE_STARTED,bull,73216.0,2026-05-30 04:00,74143.76,2026-05-30 18:00,73926.68,2026-05-30 20:00,,211.89627331305186,1,C? tentatif
2026-05-31 03:00,536,C_LOCKED,bull,73216.0,2026-05-30 04:00,74143.76,2026-05-30 18:00,73781.3,2026-05-30 23:00,,221.35050744708875,1,zona fibo abu; via pivot
2026-05-31 03:00,536,WAVE_STARTED,bear,74143.76,2026-05-30 18:00,73781.3,2026-05-30 23:00,74275.66,2026-05-31 01:00,,221.35050744708875,1,C? tentatif
2026-05-31 04:00,537,WAVE_CANCELLED,bear,74143.76,2026-05-30 18:00,73781.3,2026-05-30 23:00,74275.66,2026-05-31 01:00,,216.44904262943925,1,
2026-05-31 04:00,537,B_LINE_TRACKING,bull,73216.0,2026-05-30 04:00,74100.0,2026-05-30 14:00,73811.3,2026-05-30 17:00,,216.44904262943925,1,"level B aktif, dipantau"
2026-05-31 05:00,538,WAVE_STARTED,bull,73781.3,2026-05-30 23:00,74275.66,2026-05-31 01:00,73890.49,2026-05-31 02:00,,209.01196815590802,1,C? tentatif
2026-05-31 05:00,538,B_LINE_TRACKING,bull,73216.0,2026-05-30 04:00,74143.76,2026-05-30 18:00,73781.3,2026-05-30 23:00,,209.01196815590802,1,"level B aktif, dipantau"
2026-05-31 06:00,539,CANDIDATE_FAILED,bull,73216.0,2026-05-30 04:00,74143.76,2026-05-30 18:00,73781.3,2026-05-30 23:00,,204.942541859057,1,kandidat gugur ✖ (buffer ATR); boleh breakout ulang
2026-05-31 06:00,539,CANDIDATE_FAILED,bull,73216.0,2026-05-30 04:00,74100.0,2026-05-30 14:00,73811.3,2026-05-30 17:00,,204.942541859057,1,kandidat gugur ✖ (buffer ATR); boleh breakout ulang
2026-05-31 14:00,547,WAVE_STRUCT_REJECTED,bull,73781.3,2026-05-30 23:00,74275.66,2026-05-31 01:00,73699.2,2026-05-31 10:00,,185.63763242570903,1,
2026-05-31 14:00,547,WAVE_STARTED,bear,74275.66,2026-05-31 01:00,73699.2,2026-05-31 10:00,74023.99,2026-05-31 13:00,,185.63763242570903,1,C? tentatif
2026-05-31 15:00,548,C_LOCKED,bear,74275.66,2026-05-31 01:00,73699.2,2026-05-31 10:00,74023.99,2026-05-31 13:00,,200.2170872524441,1,zona fibo hijau; via breakout
2026-05-31 15:00,548,CANDIDATE_EVICTED,bear,78200.0,2026-05-21 08:00,76719.47,2026-05-21 13:00,78098.16,2026-05-21 17:00,,200.2170872524441,1,
2026-05-31 15:00,548,CANDIDATE_FAILED,bull,72512.49,2026-05-29 14:00,73796.43,2026-05-30 03:00,73216.0,2026-05-30 04:00,,200.2170872524441,1,kandidat gugur ✖ (buffer ATR); boleh breakout ulang
2026-05-31 15:00,548,B_LINE_TRACKING,bear,74275.66,2026-05-31 01:00,73699.2,2026-05-31 10:00,74023.99,2026-05-31 13:00,,200.2170872524441,1,"level B aktif, dipantau"
2026-05-31 15:00,548,BREAK_HIDDEN_BY_TREND,bear,74275.66,2026-05-31 01:00,73699.2,2026-05-31 10:00,74023.99,2026-05-31 13:00,56.3,200.2170872524441,1,"mesin lihat break, chart sembunyikan (lawan trend ST)"
2026-05-31 17:00,550,WAVE_STARTED,bull,73781.3,2026-05-30 23:00,74023.99,2026-05-31 13:00,73400.0,2026-05-31 16:00,,208.60998849828027,-1,C? tentatif
2026-05-31 18:00,551,WAVE_CANCELLED,bull,73781.3,2026-05-30 23:00,74023.99,2026-05-31 13:00,73400.0,2026-05-31 16:00,,212.80427503411752,-1,
2026-05-31 20:00,553,WAVE_STARTED,bear,74275.66,2026-05-31 01:00,73400.0,2026-05-31 16:00,73734.0,2026-05-31 17:00,,205.7871044937026,-1,C? tentatif
2026-05-31 22:00,555,B_LINE_TRACKING,bull,72512.49,2026-05-29 14:00,73796.43,2026-05-30 03:00,73216.0,2026-05-30 04:00,,211.71587071140675,-1,"level B aktif, dipantau"
2026-06-01 00:00,557,CANDIDATE_FAILED,bull,72512.49,2026-05-29 14:00,73796.43,2026-05-30 03:00,73216.0,2026-05-30 04:00,,253.07276607259035,-1,kandidat gugur ✖ (buffer ATR); boleh breakout ulang
2026-06-01 01:00,558,B_LINE_TRACKING,bull,72512.49,2026-05-29 14:00,73796.43,2026-05-30 03:00,73216.0,2026-05-30 04:00,,266.27756849597694,-1,"level B aktif, dipantau"
2026-06-01 02:00,559,C_LOCKED,bear,74275.66,2026-05-31 01:00,73400.0,2026-05-31 16:00,74198.0,2026-05-31 23:00,,292.8284564605493,-1,zona fibo oranye; via breakout
2026-06-01 02:00,559,CANDIDATE_FAILED,bull,72512.49,2026-05-29 14:00,73796.43,2026-05-30 03:00,73216.0,2026-05-30 04:00,,292.8284564605493,-1,kandidat gugur ✖ (buffer ATR); boleh breakout ulang
2026-06-01 02:00,559,B_LINE_TRACKING,bear,74275.66,2026-05-31 01:00,73400.0,2026-05-31 16:00,74198.0,2026-05-31 23:00,,292.8284564605493,-1,"level B aktif, dipantau"
2026-06-01 03:00,560,WAVE_STARTED,bull,73400.0,2026-05-31 16:00,74198.0,2026-05-31 23:00,73222.0,2026-06-01 02:00,,319.8064238562247,-1,C? tentatif
2026-06-01 03:00,560,CANDIDATE_FAILED,bear,74275.66,2026-05-31 01:00,73400.0,2026-05-31 16:00,74198.0,2026-05-31 23:00,,319.8064238562247,-1,kandidat gugur ✖ (buffer ATR); boleh breakout ulang
2026-06-01 06:00,563,WAVE_CANCELLED,bull,73400.0,2026-05-31 16:00,74198.0,2026-05-31 23:00,73222.0,2026-06-01 02:00,,321.45310612686643,-1,
2026-06-01 06:00,563,WAVE_STARTED,bear,74198.0,2026-05-31 23:00,73222.0,2026-06-01 02:00,74019.58,2026-06-01 03:00,,321.45310612686643,-1,C? tentatif
2026-06-01 06:00,563,B_LINE_TRACKING,bear,74275.66,2026-05-31 01:00,73400.0,2026-05-31 16:00,74198.0,2026-05-31 23:00,,321.45310612686643,-1,"level B aktif, dipantau"
2026-06-01 07:00,564,C_LOCKED,bear,74198.0,2026-05-31 23:00,73222.0,2026-06-01 02:00,74019.58,2026-06-01 03:00,,328.3485985463763,-1,zona fibo oranye; via breakout
2026-06-01 07:00,564,CANDIDATE_EVICTED,bear,77905.52,2026-05-25 15:00,76475.59,2026-05-26 03:00,77059.74,2026-05-26 06:00,,328.3485985463763,-1,
2026-06-01 07:00,564,CANDIDATE_INVALIDATED,bull,73216.0,2026-05-30 04:00,74143.76,2026-05-30 18:00,73781.3,2026-05-30 23:00,,328.3485985463763,-1,
2026-06-01 07:00,564,CANDIDATE_INVALIDATED,bull,73216.0,2026-05-30 04:00,74100.0,2026-05-30 14:00,73811.3,2026-05-30 17:00,,328.3485985463763,-1,
2026-06-01 07:00,564,B_LINE_TRACKING,bear,74198.0,2026-05-31 23:00,73222.0,2026-06-01 02:00,74019.58,2026-06-01 03:00,,328.3485985463763,-1,"level B aktif, dipantau"
2026-06-01 07:00,564,B_LINE_TRACKING,bear,74514.1,2026-05-29 17:00,73216.0,2026-05-30 04:00,74100.0,2026-05-30 14:00,,328.3485985463763,-1,"level B aktif, dipantau"
2026-06-01 07:00,564,BREAK,bear,74514.1,2026-05-29 17:00,73216.0,2026-05-30 04:00,74100.0,2026-05-30 14:00,68.1,328.3485985463763,-1,ATR Str A1 A2 C2
2026-06-01 07:00,564,B_LINE_TRACKING,bear,74514.1,2026-05-29 17:00,73320.0,2026-05-29 23:00,73796.43,2026-05-30 03:00,,328.3485985463763,-1,"level B aktif, dipantau"
2026-06-01 12:00,569,CANDIDATE_INVALIDATED,bull,72512.49,2026-05-29 14:00,73796.43,2026-05-30 03:00,73216.0,2026-05-30 04:00,,356.165387915154,-1,
2026-06-01 12:00,569,CANDIDATE_INVALIDATED,bull,72512.49,2026-05-29 14:00,74514.1,2026-05-29 17:00,73320.0,2026-05-29 23:00,,356.165387915154,-1,
2026-06-01 12:00,569,B_LINE_TRACKING,bear,76174.15,2026-05-27 12:00,72728.85,2026-05-28 04:00,73616.0,2026-05-28 10:00,,356.165387915154,-1,"level B aktif, dipantau"
2026-06-01 20:00,577,WAVE_STARTED,bear,74198.0,2026-05-31 23:00,70686.68,2026-06-01 16:00,71800.73,2026-06-01 17:00,,437.1922728309041,-1,C? tentatif
2026-06-02 02:00,583,C_LOCKED,bear,74198.0,2026-05-31 23:00,70686.68,2026-06-01 16:00,71800.73,2026-06-01 17:00,,453.1181614711264,-1,zona fibo abu; via breakout
2026-06-02 06:00,587,WAVE_STARTED,bear,74198.0,2026-05-31 23:00,70111.0,2026-06-02 02:00,71048.0,2026-06-02 04:00,,458.9717024098522,-1,C? tentatif
2026-06-02 06:00,587,B_LINE_TRACKING,bear,74198.0,2026-05-31 23:00,70686.68,2026-06-01 16:00,71800.73,2026-06-01 17:00,,458.9717024098522,-1,"level B aktif, dipantau"
2026-06-02 07:00,588,C_LOCKED,bear,74198.0,2026-05-31 23:00,70111.0,2026-06-02 02:00,71048.0,2026-06-02 04:00,,460.72443795200525,-1,zona fibo abu; via breakout
2026-06-02 07:00,588,CANDIDATE_EVICTED,bear,78080.0,2026-05-26 14:00,75779.3,2026-05-26 18:00,76180.0,2026-05-26 20:00,,460.72443795200525,-1,
2026-06-02 09:00,590,B_LINE_TRACKING,bear,74198.0,2026-05-31 23:00,70111.0,2026-06-02 02:00,71048.0,2026-06-02 04:00,,466.5990306831064,-1,"level B aktif, dipantau"
2026-06-02 19:00,600,WAVE_STARTED,bear,74198.0,2026-05-31 23:00,67076.0,2026-06-02 15:00,68146.3,2026-06-02 16:00,,564.048017530657,-1,C? tentatif
2026-06-02 23:00,604,C_LOCKED,bear,74198.0,2026-05-31 23:00,67076.0,2026-06-02 15:00,68146.3,2026-06-02 16:00,,656.5954344203736,-1,zona fibo abu; via breakout
2026-06-02 23:00,604,CANDIDATE_EVICTED,bear,78080.0,2026-05-26 14:00,75677.97,2026-05-26 22:00,76104.02,2026-05-27 01:00,,656.5954344203736,-1,
2026-06-02 23:00,604,B_LINE_TRACKING,bear,74198.0,2026-05-31 23:00,67076.0,2026-06-02 15:00,68146.3,2026-06-02 16:00,,656.5954344203736,-1,"level B aktif, dipantau"
2026-06-03 03:00,608,WAVE_STARTED,bear,74198.0,2026-05-31 23:00,66193.0,2026-06-02 23:00,67204.15,2026-06-03 00:00,,622.817550043739,-1,C? tentatif
2026-06-03 04:00,609,C_LOCKED,bear,74198.0,2026-05-31 23:00,66193.0,2026-06-02 23:00,67204.15,2026-06-03 00:00,,665.9970107549005,-1,zona fibo abu; via breakout
2026-06-03 04:00,609,CANDIDATE_EVICTED,bear,78080.0,2026-05-26 14:00,75310.9,2026-05-27 04:00,76071.41,2026-05-27 08:00,,665.9970107549005,-1,
2026-06-03 04:00,609,B_LINE_TRACKING,bear,74198.0,2026-05-31 23:00,66193.0,2026-06-02 23:00,67204.15,2026-06-03 00:00,,665.9970107549005,-1,"level B aktif, dipantau"
2026-06-03 05:00,610,CANDIDATE_FAILED,bear,74198.0,2026-05-31 23:00,66193.0,2026-06-02 23:00,67204.15,2026-06-03 00:00,,674.8143671295508,-1,kandidat gugur ✖ (buffer ATR); boleh breakout ulang
2026-06-03 06:00,611,CANDIDATE_FAILED,bear,74198.0,2026-05-31 23:00,67076.0,2026-06-02 15:00,68146.3,2026-06-02 16:00,,693.2061980488688,-1,kandidat gugur ✖ (buffer ATR); boleh breakout ulang
2026-06-03 07:00,612,WAVE_STARTED,bear,74198.0,2026-05-31 23:00,65426.34,2026-06-03 03:00,67516.0,2026-06-03 06:00,,683.1950410453784,-1,C? tentatif
2026-06-03 10:00,615,WAVE_STARTED,bull,65426.34,2026-06-03 03:00,67516.0,2026-06-03 06:00,66656.48,2026-06-03 09:00,,642.2766819157057,-1,C? tentatif
2026-06-03 10:00,615,C_LOCKED,bear,74198.0,2026-05-31 23:00,65426.34,2026-06-03 03:00,67516.0,2026-06-03 06:00,,642.2766819157057,-1,zona fibo abu; via pivot
2026-06-03 10:00,615,CANDIDATE_EVICTED,bear,76174.15,2026-05-27 12:00,72728.85,2026-05-28 04:00,73616.0,2026-05-28 10:00,,642.2766819157057,-1,
2026-06-03 13:00,618,C_LOCKED,bull,65426.34,2026-06-03 03:00,67516.0,2026-06-03 06:00,66656.48,2026-06-03 09:00,,587.1856013734731,-1,zona fibo abu; via pivot
2026-06-03 13:00,618,WAVE_STARTED,bear,67516.0,2026-06-03 06:00,66656.48,2026-06-03 09:00,67476.69,2026-06-03 10:00,,587.1856013734731,-1,C? tentatif
2026-06-03 14:00,619,WAVE_STARTED,bull,65426.34,2026-06-03 03:00,67476.69,2026-06-03 10:00,66635.0,2026-06-03 13:00,,588.7880584182248,-1,C? tentatif
2026-06-03 14:00,619,C_LOCKED,bear,67516.0,2026-06-03 06:00,66656.48,2026-06-03 09:00,67476.69,2026-06-03 10:00,,588.7880584182248,-1,zona fibo oranye; via pivot
2026-06-03 14:00,619,CANDIDATE_EVICTED,bear,74514.1,2026-05-29 17:00,73320.0,2026-05-29 23:00,73796.43,2026-05-30 03:00,,588.7880584182248,-1,
2026-06-03 14:00,619,B_LINE_TRACKING,bear,74198.0,2026-05-31 23:00,67076.0,2026-06-02 15:00,68146.3,2026-06-02 16:00,,588.7880584182248,-1,"level B aktif, dipantau"
2026-06-03 16:00,621,B_LINE_TRACKING,bear,67516.0,2026-06-03 06:00,66656.48,2026-06-03 09:00,67476.69,2026-06-03 10:00,,589.3891932279588,-1,"level B aktif, dipantau"
2026-06-03 16:00,621,B_LINE_TRACKING,bear,74198.0,2026-05-31 23:00,66193.0,2026-06-02 23:00,67204.15,2026-06-03 00:00,,589.3891932279588,-1,"level B aktif, dipantau"
2026-06-03 21:00,626,WAVE_CANCELLED,bull,65426.34,2026-06-03 03:00,67476.69,2026-06-03 10:00,65251.0,2026-06-03 19:00,,617.6591023479593,-1,
2026-06-03 21:00,626,CANDIDATE_INVALIDATED,bull,65426.34,2026-06-03 03:00,67516.0,2026-06-03 06:00,66656.48,2026-06-03 09:00,,617.6591023479593,-1,
2026-06-03 21:00,626,B_LINE_TRACKING,bear,74198.0,2026-05-31 23:00,65426.34,2026-06-03 03:00,67516.0,2026-06-03 06:00,,617.6591023479593,-1,"level B aktif, dipantau"
2026-06-03 22:00,627,CANDIDATE_FAILED,bear,74198.0,2026-05-31 23:00,65426.34,2026-06-03 03:00,67516.0,2026-06-03 06:00,,637.764166465962,-1,kandidat gugur ✖ (buffer ATR); boleh breakout ulang
2026-06-03 23:00,628,B_LINE_TRACKING,bear,74198.0,2026-05-31 23:00,65426.34,2026-06-03 03:00,67516.0,2026-06-03 06:00,,668.14386886125,-1,"level B aktif, dipantau"
2026-06-04 06:00,635,WAVE_STARTED,bear,67516.0,2026-06-03 06:00,61383.56,2026-06-04 02:00,64764.32,2026-06-04 04:00,,879.3693117832972,-1,C? tentatif
2026-06-04 08:00,637,WAVE_STARTED,bull,61383.56,2026-06-04 02:00,64764.32,2026-06-04 04:00,63492.89,2026-06-04 07:00,,838.0211923029449,-1,C? tentatif
2026-06-04 08:00,637,C_LOCKED,bear,67516.0,2026-06-03 06:00,61383.56,2026-06-04 02:00,64764.32,2026-06-04 04:00,,838.0211923029449,-1,zona fibo hijau; via pivot
2026-06-04 08:00,637,CANDIDATE_EVICTED,bear,74275.66,2026-05-31 01:00,73400.0,2026-05-31 16:00,74198.0,2026-05-31 23:00,,838.0211923029449,-1,
2026-06-04 15:00,644,C_LOCKED,bull,61383.56,2026-06-04 02:00,64764.32,2026-06-04 04:00,62205.0,2026-06-04 11:00,,888.7460771034758,-1,zona fibo hijau; via pivot
2026-06-04 15:00,644,WAVE_STARTED,bear,67516.0,2026-06-03 06:00,62205.0,2026-06-04 11:00,64494.92,2026-06-04 14:00,,888.7460771034758,-1,C? tentatif
2026-06-04 18:00,647,WAVE_STARTED,bull,62205.0,2026-06-04 11:00,64494.92,2026-06-04 14:00,62944.91,2026-06-04 17:00,,841.7315857858367,-1,C? tentatif
2026-06-04 18:00,647,C_LOCKED,bear,67516.0,2026-06-03 06:00,62205.0,2026-06-04 11:00,64494.92,2026-06-04 14:00,,841.7315857858367,-1,zona fibo abu; via pivot
2026-06-04 18:00,647,CANDIDATE_EVICTED,bear,74198.0,2026-05-31 23:00,73222.0,2026-06-01 02:00,74019.58,2026-06-01 03:00,,841.7315857858367,-1,
2026-06-04 21:00,650,C_LOCKED,bull,62205.0,2026-06-04 11:00,64494.92,2026-06-04 14:00,62944.91,2026-06-04 17:00,,807.8097645668669,-1,zona fibo hijau; via pivot
2026-06-04 21:00,650,WAVE_STARTED,bear,64494.92,2026-06-04 14:00,62944.91,2026-06-04 17:00,64163.93,2026-06-04 19:00,,807.8097645668669,-1,C? tentatif
2026-06-04 23:00,652,WAVE_STARTED,bull,62205.0,2026-06-04 11:00,64163.93,2026-06-04 19:00,63106.04,2026-06-04 21:00,,788.8843378153086,-1,C? tentatif
2026-06-04 23:00,652,C_LOCKED,bear,64494.92,2026-06-04 14:00,62944.91,2026-06-04 17:00,64163.93,2026-06-04 19:00,,788.8843378153086,-1,zona fibo oranye; via pivot
2026-06-04 23:00,652,CANDIDATE_EVICTED,bear,74198.0,2026-05-31 23:00,70686.68,2026-06-01 16:00,71800.73,2026-06-01 17:00,,788.8843378153086,-1,
2026-06-05 01:00,654,C_LOCKED,bull,62205.0,2026-06-04 11:00,64163.93,2026-06-04 19:00,63106.04,2026-06-04 21:00,,757.69118923871,-1,zona fibo hijau; via pivot
2026-06-05 01:00,654,WAVE_STARTED,bear,64494.92,2026-06-04 14:00,63106.04,2026-06-04 21:00,63978.0,2026-06-05 00:00,,757.69118923871,-1,C? tentatif
2026-06-05 03:00,656,C_LOCKED,bear,64494.92,2026-06-04 14:00,63106.04,2026-06-04 21:00,63978.0,2026-06-05 00:00,,747.9236274558267,-1,zona fibo hijau; via breakout
2026-06-05 03:00,656,CANDIDATE_EVICTED,bear,74198.0,2026-05-31 23:00,70111.0,2026-06-02 02:00,71048.0,2026-06-02 04:00,,747.9236274558267,-1,
2026-06-05 03:00,656,B_LINE_TRACKING,bear,64494.92,2026-06-04 14:00,63106.04,2026-06-04 21:00,63978.0,2026-06-05 00:00,,747.9236274558267,-1,"level B aktif, dipantau"
2026-06-05 03:00,656,BREAK,bear,64494.92,2026-06-04 14:00,63106.04,2026-06-04 21:00,63978.0,2026-06-05 00:00,62.8,747.9236274558267,-1,ATR Str A1 A2 C2
2026-06-05 03:00,656,B_LINE_TRACKING,bear,64494.92,2026-06-04 14:00,62944.91,2026-06-04 17:00,64163.93,2026-06-04 19:00,,747.9236274558267,-1,"level B aktif, dipantau"
2026-06-05 04:00,657,WAVE_STARTED,bull,62205.0,2026-06-04 11:00,63978.0,2026-06-05 00:00,62339.0,2026-06-05 03:00,,733.7147969232676,-1,C? tentatif
2026-06-05 05:00,658,CANDIDATE_FAILED,bear,64494.92,2026-06-04 14:00,62944.91,2026-06-04 17:00,64163.93,2026-06-04 19:00,,764.0751685716058,-1,kandidat gugur ✖ (buffer ATR); boleh breakout ulang
2026-06-05 06:00,659,B_LINE_TRACKING,bear,64494.92,2026-06-04 14:00,62944.91,2026-06-04 17:00,64163.93,2026-06-04 19:00,,810.2126565307768,-1,"level B aktif, dipantau"
2026-06-05 07:00,660,WAVE_CANCELLED,bull,62205.0,2026-06-04 11:00,63978.0,2026-06-05 00:00,62278.0,2026-06-05 05:00,,860.091752492864,-1,
2026-06-05 07:00,660,CANDIDATE_INVALIDATED,bull,62205.0,2026-06-04 11:00,64163.93,2026-06-04 19:00,63106.04,2026-06-04 21:00,,860.091752492864,-1,
2026-06-05 07:00,660,CANDIDATE_INVALIDATED,bull,62205.0,2026-06-04 11:00,64494.92,2026-06-04 14:00,62944.91,2026-06-04 17:00,,860.091752492864,-1,
2026-06-05 07:00,660,B_LINE_TRACKING,bear,67516.0,2026-06-03 06:00,62205.0,2026-06-04 11:00,64494.92,2026-06-04 14:00,,860.091752492864,-1,"level B aktif, dipantau"
2026-06-05 08:00,661,CANDIDATE_FAILED,bear,64494.92,2026-06-04 14:00,62944.91,2026-06-04 17:00,64163.93,2026-06-04 19:00,,922.7723416005167,-1,kandidat gugur ✖ (buffer ATR); boleh breakout ulang
2026-06-05 08:00,661,CANDIDATE_FAILED,bear,67516.0,2026-06-03 06:00,62205.0,2026-06-04 11:00,64494.92,2026-06-04 14:00,,922.7723416005167,-1,kandidat gugur ✖ (buffer ATR); boleh breakout ulang
2026-06-05 09:00,662,WAVE_STARTED,bull,62205.0,2026-06-04 11:00,63688.0,2026-06-05 05:00,61126.01,2026-06-05 06:00,,916.2957457719087,-1,C? tentatif
2026-06-05 09:00,662,B_LINE_TRACKING,bear,64494.92,2026-06-04 14:00,62944.91,2026-06-04 17:00,64163.93,2026-06-04 19:00,,916.2957457719087,-1,"level B aktif, dipantau"
2026-06-05 10:00,663,WAVE_STRUCT_REJECTED,bull,62205.0,2026-06-04 11:00,63688.0,2026-06-05 05:00,61126.01,2026-06-05 06:00,,909.2674782167725,-1,
2026-06-05 10:00,663,WAVE_STARTED,bear,64494.92,2026-06-04 14:00,61126.01,2026-06-05 06:00,63259.9,2026-06-05 09:00,,909.2674782167725,-1,C? tentatif
2026-06-05 10:00,663,CANDIDATE_FAILED,bear,64494.92,2026-06-04 14:00,62944.91,2026-06-04 17:00,64163.93,2026-06-04 19:00,,909.2674782167725,-1,kandidat gugur ✖ (buffer ATR); boleh breakout ulang
2026-06-05 11:00,664,B_LINE_TRACKING,bear,64494.92,2026-06-04 14:00,62944.91,2026-06-04 17:00,64163.93,2026-06-04 19:00,,884.0919440584314,-1,"level B aktif, dipantau"
2026-06-05 12:00,665,B_LINE_TRACKING,bear,67516.0,2026-06-03 06:00,62205.0,2026-06-04 11:00,64494.92,2026-06-04 14:00,,869.4782337685435,-1,"level B aktif, dipantau"
2026-06-05 13:00,666,WAVE_STARTED,bull,61126.01,2026-06-05 06:00,63259.9,2026-06-05 09:00,61620.47,2026-06-05 12:00,,867.1862170707903,-1,C? tentatif
2026-06-05 13:00,666,C_LOCKED,bear,64494.92,2026-06-04 14:00,61126.01,2026-06-05 06:00,63259.9,2026-06-05 09:00,,867.1862170707903,-1,zona fibo hijau; via pivot
2026-06-05 14:00,667,WAVE_CANCELLED,bull,61126.01,2026-06-05 06:00,63259.9,2026-06-05 09:00,61620.47,2026-06-05 12:00,,919.0764872800197,-1,
2026-06-05 14:00,667,CANDIDATE_INVALIDATED,bull,61383.56,2026-06-04 02:00,64764.32,2026-06-04 04:00,62205.0,2026-06-04 11:00,,919.0764872800197,-1,
2026-06-05 14:00,667,B_LINE_TRACKING,bear,64494.92,2026-06-04 14:00,61126.01,2026-06-05 06:00,63259.9,2026-06-05 09:00,,919.0764872800197,-1,"level B aktif, dipantau"
2026-06-05 14:00,667,BREAK,bear,64494.92,2026-06-04 14:00,61126.01,2026-06-05 06:00,63259.9,2026-06-05 09:00,63.3,919.0764872800197,-1,ATR Str A1 A2 C2
2026-06-05 14:00,667,B_LINE_TRACKING,bear,67516.0,2026-06-03 06:00,61383.56,2026-06-04 02:00,64764.32,2026-06-04 04:00,,919.0764872800197,-1,"level B aktif, dipantau"
2026-06-05 14:00,667,BREAK,bear,67516.0,2026-06-03 06:00,61383.56,2026-06-04 02:00,64764.32,2026-06-04 04:00,55.1,919.0764872800197,-1,ATR Str A1 A2 C2
2026-06-05 23:00,676,WAVE_STARTED,bear,64494.92,2026-06-04 14:00,59130.91,2026-06-05 19:00,62000.0,2026-06-05 21:00,,1054.180829636539,-1,C? tentatif
2026-06-06 01:00,678,WAVE_STARTED,bull,59130.91,2026-06-05 19:00,62000.0,2026-06-05 21:00,60518.0,2026-06-05 23:00,,1027.0465316764037,-1,C? tentatif
2026-06-06 01:00,678,C_LOCKED,bear,64494.92,2026-06-04 14:00,59130.91,2026-06-05 19:00,62000.0,2026-06-05 21:00,,1027.0465316764037,-1,zona fibo hijau; via pivot
2026-06-06 08:00,685,C_LOCKED,bull,59130.91,2026-06-05 19:00,62000.0,2026-06-05 21:00,59500.0,2026-06-06 04:00,,920.9529673087029,-1,zona fibo oranye; via pivot
2026-06-06 08:00,685,WAVE_STARTED,bear,62000.0,2026-06-05 21:00,59500.0,2026-06-06 04:00,61276.95,2026-06-06 06:00,,920.9529673087029,-1,C? tentatif
2026-06-06 12:00,689,WAVE_STARTED,bull,59500.0,2026-06-06 04:00,61500.0,2026-06-06 08:00,60198.0,2026-06-06 10:00,,829.0187192655106,-1,C? tentatif
2026-06-06 12:00,689,C_LOCKED,bear,62000.0,2026-06-05 21:00,59500.0,2026-06-06 04:00,61500.0,2026-06-06 08:00,,829.0187192655106,-1,zona fibo oranye; via pivot
2026-06-06 14:00,691,C_LOCKED,bull,59500.0,2026-06-06 04:00,61500.0,2026-06-06 08:00,60198.0,2026-06-06 10:00,,779.3734875299557,-1,zona fibo hijau; via pivot
2026-06-06 14:00,691,WAVE_STARTED,bear,61500.0,2026-06-06 08:00,60198.0,2026-06-06 10:00,61185.26,2026-06-06 12:00,,779.3734875299557,-1,C? tentatif
2026-06-07 01:00,702,WAVE_STARTED,bull,60393.96,2026-06-06 18:00,61000.0,2026-06-06 21:00,60429.09,2026-06-06 22:00,,533.1113040468396,-1,C? tentatif
2026-06-07 01:00,702,C_LOCKED,bear,61500.0,2026-06-06 08:00,60198.0,2026-06-06 10:00,61000.0,2026-06-06 21:00,,533.1113040468396,-1,zona fibo hijau; via pivot
2026-06-07 01:00,702,CANDIDATE_EVICTED,bear,74198.0,2026-05-31 23:00,67076.0,2026-06-02 15:00,68146.3,2026-06-02 16:00,,533.1113040468396,-1,
2026-06-07 02:00,703,C_LOCKED,bull,60393.96,2026-06-06 18:00,61000.0,2026-06-06 21:00,60429.09,2026-06-06 22:00,,559.7554966149222,-1,zona fibo oranye; via pivot
2026-06-07 02:00,703,WAVE_STARTED,bear,61500.0,2026-06-06 08:00,60429.09,2026-06-06 22:00,61664.13,2026-06-07 01:00,,559.7554966149222,-1,C? tentatif
2026-06-07 02:00,703,B_LINE_TRACKING,bull,60393.96,2026-06-06 18:00,61000.0,2026-06-06 21:00,60429.09,2026-06-06 22:00,,559.7554966149222,-1,"level B aktif, dipantau"
2026-06-07 03:00,704,WAVE_CANCELLED,bear,61500.0,2026-06-06 08:00,60429.09,2026-06-06 22:00,61664.13,2026-06-07 01:00,,547.2015325709992,-1,
2026-06-07 03:00,704,CANDIDATE_INVALIDATED,bear,61500.0,2026-06-06 08:00,60198.0,2026-06-06 10:00,61000.0,2026-06-06 21:00,,547.2015325709992,-1,
2026-06-07 04:00,705,B_LINE_TRACKING,bull,59500.0,2026-06-06 04:00,61500.0,2026-06-06 08:00,60198.0,2026-06-06 10:00,,533.9892802444995,-1,"level B aktif, dipantau"
2026-06-07 04:00,705,BREAK_HIDDEN_BY_TREND,bull,59500.0,2026-06-06 04:00,61500.0,2026-06-06 08:00,60198.0,2026-06-06 10:00,65.1,533.9892802444995,-1,"mesin lihat break, chart sembunyikan (lawan trend ST)"
2026-06-07 07:00,708,B_LINE_TRACKING,bull,59130.91,2026-06-05 19:00,62000.0,2026-06-05 21:00,59500.0,2026-06-06 04:00,,534.2664499625238,1,"level B aktif, dipantau"
2026-06-07 07:00,708,CANDIDATE_INVALIDATED,bear,62000.0,2026-06-05 21:00,59500.0,2026-06-06 04:00,61500.0,2026-06-06 08:00,,534.2664499625238,1,
2026-06-07 08:00,709,CANDIDATE_FAILED,bear,67516.0,2026-06-03 06:00,62205.0,2026-06-04 11:00,64494.92,2026-06-04 14:00,,527.0188463937723,1,kandidat gugur ✖ (buffer ATR); boleh breakout ulang
2026-06-07 12:00,713,WAVE_STARTED,bull,60393.96,2026-06-06 18:00,62960.0,2026-06-07 08:00,62298.39,2026-06-07 10:00,,510.49704294701456,1,C? tentatif
2026-06-07 13:00,714,CANDIDATE_FAILED,bull,59130.91,2026-06-05 19:00,62000.0,2026-06-05 21:00,59500.0,2026-06-06 04:00,,550.2365398793705,1,kandidat gugur ✖ (buffer ATR); boleh breakout ulang
2026-06-07 13:00,714,B_LINE_TRACKING,bear,67516.0,2026-06-03 06:00,62205.0,2026-06-04 11:00,64494.92,2026-06-04 14:00,,550.2365398793705,1,"level B aktif, dipantau"
2026-06-07 16:00,717,C_LOCKED,bull,60393.96,2026-06-06 18:00,62960.0,2026-06-07 08:00,61577.12,2026-06-07 12:00,,536.2665809456906,1,zona fibo hijau; via pivot
2026-06-07 16:00,717,WAVE_STARTED,bear,62960.0,2026-06-07 08:00,61577.12,2026-06-07 12:00,62312.67,2026-06-07 14:00,,536.2665809456906,1,C? tentatif
2026-06-07 16:00,717,B_LINE_TRACKING,bull,59130.91,2026-06-05 19:00,62000.0,2026-06-05 21:00,59500.0,2026-06-06 04:00,,536.2665809456906,1,"level B aktif, dipantau"
2026-06-07 18:00,719,CANDIDATE_FAILED,bear,67516.0,2026-06-03 06:00,62205.0,2026-06-04 11:00,64494.92,2026-06-04 14:00,,506.91006214194744,1,kandidat gugur ✖ (buffer ATR); boleh breakout ulang
2026-06-07 19:00,720,CANDIDATE_FAILED,bull,59130.91,2026-06-05 19:00,62000.0,2026-06-05 21:00,59500.0,2026-06-06 04:00,,490.2736291318083,1,kandidat gugur ✖ (buffer ATR); boleh breakout ulang
2026-06-07 19:00,720,B_LINE_TRACKING,bear,67516.0,2026-06-03 06:00,62205.0,2026-06-04 11:00,64494.92,2026-06-04 14:00,,490.2736291318083,1,"level B aktif, dipantau"
2026-06-07 20:00,721,WAVE_STARTED,bull,61577.12,2026-06-07 12:00,62332.0,2026-06-07 16:00,61184.0,2026-06-07 19:00,,516.1669413366791,1,C? tentatif
2026-06-07 20:00,721,C_LOCKED,bear,62960.0,2026-06-07 08:00,61577.12,2026-06-07 12:00,62332.0,2026-06-07 16:00,,516.1669413366791,1,zona fibo hijau; via pivot
2026-06-07 20:00,721,B_LINE_TRACKING,bear,62960.0,2026-06-07 08:00,61577.12,2026-06-07 12:00,62332.0,2026-06-07 16:00,,516.1669413366791,1,"level B aktif, dipantau"
2026-06-07 20:00,721,BREAK_HIDDEN_BY_TREND,bear,62960.0,2026-06-07 08:00,61577.12,2026-06-07 12:00,62332.0,2026-06-07 16:00,54.6,516.1669413366791,1,"mesin lihat break, chart sembunyikan (lawan trend ST)"
2026-06-07 23:00,724,WAVE_STRUCT_REJECTED,bull,61577.12,2026-06-07 12:00,62332.0,2026-06-07 16:00,61184.0,2026-06-07 19:00,,662.4706961066632,1,
2026-06-07 23:00,724,WAVE_STARTED,bear,62960.0,2026-06-07 08:00,61184.0,2026-06-07 19:00,64234.68,2026-06-07 22:00,,662.4706961066632,1,C? tentatif
2026-06-07 23:00,724,B_LINE_TRACKING,bull,59130.91,2026-06-05 19:00,62000.0,2026-06-05 21:00,59500.0,2026-06-06 04:00,,662.4706961066632,1,"level B aktif, dipantau"
2026-06-07 23:00,724,CANDIDATE_FAILED,bear,64494.92,2026-06-04 14:00,62944.91,2026-06-04 17:00,64163.93,2026-06-04 19:00,,662.4706961066632,1,kandidat gugur ✖ (buffer ATR); boleh breakout ulang
2026-06-07 23:00,724,CANDIDATE_FAILED,bear,67516.0,2026-06-03 06:00,62205.0,2026-06-04 11:00,64494.92,2026-06-04 14:00,,662.4706961066632,1,kandidat gugur ✖ (buffer ATR); boleh breakout ulang
2026-06-08 00:00,725,WAVE_CANCELLED,bear,62960.0,2026-06-07 08:00,61184.0,2026-06-07 19:00,64234.68,2026-06-07 22:00,,660.9149320990446,1,
2026-06-08 00:00,725,B_LINE_TRACKING,bull,60393.96,2026-06-06 18:00,62960.0,2026-06-07 08:00,61577.12,2026-06-07 12:00,,660.9149320990446,1,"level B aktif, dipantau"
2026-06-08 00:00,725,BREAK,bull,60393.96,2026-06-06 18:00,62960.0,2026-06-07 08:00,61577.12,2026-06-07 12:00,53.9,660.9149320990446,1,ATR Str A1 A2 C2
2026-06-08 02:00,727,WAVE_STARTED,bull,61184.0,2026-06-07 19:00,64234.68,2026-06-07 22:00,62720.86,2026-06-08 01:00,,683.8745587996858,1,C? tentatif
2026-06-08 05:00,730,B_LINE_TRACKING,bear,64494.92,2026-06-04 14:00,62944.91,2026-06-04 17:00,64163.93,2026-06-04 19:00,,637.1409495928971,1,"level B aktif, dipantau"
2026-06-08 07:00,732,CANDIDATE_FAILED,bear,64494.92,2026-06-04 14:00,62944.91,2026-06-04 17:00,64163.93,2026-06-04 19:00,,606.3333187816305,1,kandidat gugur ✖ (buffer ATR); boleh breakout ulang
2026-06-08 09:00,734,C_LOCKED,bull,61184.0,2026-06-07 19:00,64234.68,2026-06-07 22:00,62408.0,2026-06-08 05:00,,579.3479126229363,1,zona fibo hijau; via pivot
2026-06-08 09:00,734,WAVE_STARTED,bear,64234.68,2026-06-07 22:00,62408.0,2026-06-08 05:00,63350.0,2026-06-08 07:00,,579.3479126229363,1,C? tentatif
2026-06-08 19:00,744,WAVE_STARTED,bull,62718.3,2026-06-08 12:00,64200.0,2026-06-08 15:00,63268.01,2026-06-08 17:00,,571.0495471669251,1,C? tentatif
2026-06-08 19:00,744,C_LOCKED,bear,64234.68,2026-06-07 22:00,62408.0,2026-06-08 05:00,64200.0,2026-06-08 15:00,,571.0495471669251,1,zona fibo oranye; via pivot
2026-06-09 01:00,750,WAVE_CANCELLED,bull,62718.3,2026-06-08 12:00,64200.0,2026-06-08 15:00,62978.66,2026-06-08 23:00,,543.2675479752318,1,
2026-06-09 01:00,750,B_LINE_TRACKING,bear,64494.92,2026-06-04 14:00,62944.91,2026-06-04 17:00,64163.93,2026-06-04 19:00,,543.2675479752318,1,"level B aktif, dipantau"
2026-06-09 03:00,752,CANDIDATE_FAILED,bear,64494.92,2026-06-04 14:00,62944.91,2026-06-04 17:00,64163.93,2026-06-04 19:00,,514.04548779497,1,kandidat gugur ✖ (buffer ATR); boleh breakout ulang
2026-06-09 04:00,753,WAVE_STARTED,bear,64200.0,2026-06-08 15:00,62423.07,2026-06-09 00:00,62979.94,2026-06-09 03:00,,497.18081009532943,1,C? tentatif
2026-06-09 09:00,758,WAVE_STARTED,bull,62423.07,2026-06-09 00:00,63526.01,2026-06-09 05:00,62769.52,2026-06-09 08:00,,479.3456759511018,1,C? tentatif
2026-06-09 09:00,758,C_LOCKED,bear,64200.0,2026-06-08 15:00,62423.07,2026-06-09 00:00,63526.01,2026-06-09 05:00,,479.3456759511018,1,zona fibo hijau; via pivot
2026-06-09 09:00,758,B_LINE_TRACKING,bear,64494.92,2026-06-04 14:00,62944.91,2026-06-04 17:00,64163.93,2026-06-04 19:00,,479.3456759511018,1,"level B aktif, dipantau"
2026-06-09 14:00,763,WAVE_CANCELLED,bull,62423.07,2026-06-09 00:00,63526.01,2026-06-09 05:00,62421.24,2026-06-09 12:00,,457.24457151579816,1,
2026-06-09 14:00,763,B_LINE_TRACKING,bear,64200.0,2026-06-08 15:00,62423.07,2026-06-09 00:00,63526.01,2026-06-09 05:00,,457.24457151579816,1,"level B aktif, dipantau"
2026-06-09 14:00,763,BREAK_HIDDEN_BY_TREND,bear,64200.0,2026-06-08 15:00,62423.07,2026-06-09 00:00,63526.01,2026-06-09 05:00,62.1,457.24457151579816,1,"mesin lihat break, chart sembunyikan (lawan trend ST)"
2026-06-09 14:00,763,B_LINE_TRACKING,bear,64234.68,2026-06-07 22:00,62408.0,2026-06-08 05:00,64200.0,2026-06-08 15:00,,457.24457151579816,1,"level B aktif, dipantau"
2026-06-09 15:00,764,CANDIDATE_FAILED,bull,59130.91,2026-06-05 19:00,62000.0,2026-06-05 21:00,59500.0,2026-06-06 04:00,,513.6513878360985,-1,kandidat gugur ✖ (buffer ATR); boleh breakout ulang
2026-06-09 15:00,764,B_LINE_TRACKING,bear,67516.0,2026-06-03 06:00,62205.0,2026-06-04 11:00,64494.92,2026-06-04 14:00,,513.6513878360985,-1,"level B aktif, dipantau"
2026-06-09 16:00,765,CANDIDATE_INVALIDATED,bull,61184.0,2026-06-07 19:00,64234.68,2026-06-07 22:00,62408.0,2026-06-08 05:00,,524.8091458478058,-1,
2026-06-09 20:00,769,WAVE_STARTED,bear,63526.01,2026-06-09 05:00,60780.0,2026-06-09 16:00,62103.39,2026-06-09 19:00,,512.4315781070171,-1,C? tentatif
2026-06-09 20:00,769,B_LINE_TRACKING,bull,59130.91,2026-06-05 19:00,62000.0,2026-06-05 21:00,59500.0,2026-06-06 04:00,,512.4315781070171,-1,"level B aktif, dipantau"
2026-06-09 21:00,770,CANDIDATE_FAILED,bear,67516.0,2026-06-03 06:00,62205.0,2026-06-04 11:00,64494.92,2026-06-04 14:00,,498.51575109937306,-1,kandidat gugur ✖ (buffer ATR); boleh breakout ulang
2026-06-09 22:00,771,CANDIDATE_FAILED,bull,59130.91,2026-06-05 19:00,62000.0,2026-06-05 21:00,59500.0,2026-06-06 04:00,,497.1117688779893,-1,kandidat gugur ✖ (buffer ATR); boleh breakout ulang
2026-06-09 22:00,771,B_LINE_TRACKING,bear,67516.0,2026-06-03 06:00,62205.0,2026-06-04 11:00,64494.92,2026-06-04 14:00,,497.1117688779893,-1,"level B aktif, dipantau"
2026-06-10 00:00,773,WAVE_STARTED,bull,60780.0,2026-06-09 16:00,62272.0,2026-06-09 20:00,61556.0,2026-06-09 23:00,,472.1495354101028,-1,C? tentatif
2026-06-10 00:00,773,C_LOCKED,bear,63526.01,2026-06-09 05:00,60780.0,2026-06-09 16:00,62272.0,2026-06-09 20:00,,472.1495354101028,-1,zona fibo hijau; via pivot
2026-06-10 09:00,782,C_LOCKED,bull,60780.0,2026-06-09 16:00,62272.0,2026-06-09 20:00,61080.0,2026-06-10 05:00,,447.6708401660964,-1,zona fibo oranye; via pivot
2026-06-10 09:00,782,WAVE_STARTED,bear,62272.0,2026-06-09 20:00,61080.0,2026-06-10 05:00,61813.34,2026-06-10 07:00,,447.6708401660964,-1,C? tentatif
2026-06-10 11:00,784,WAVE_STARTED,bull,60780.0,2026-06-09 16:00,61813.34,2026-06-10 07:00,60755.0,2026-06-10 09:00,,451.96302034729723,-1,C? tentatif
2026-06-10 11:00,784,C_LOCKED,bear,62272.0,2026-06-09 20:00,61080.0,2026-06-10 05:00,61813.34,2026-06-10 07:00,,451.96302034729723,-1,zona fibo hijau; via pivot
2026-06-10 11:00,784,CANDIDATE_EVICTED,bear,74198.0,2026-05-31 23:00,66193.0,2026-06-02 23:00,67204.15,2026-06-03 00:00,,451.96302034729723,-1,
2026-06-10 12:00,785,CANDIDATE_FAILED,bull,60393.96,2026-06-06 18:00,61000.0,2026-06-06 21:00,60429.09,2026-06-06 22:00,,459.8806617510615,-1,kandidat gugur ✖ (buffer ATR); boleh breakout ulang
2026-06-10 13:00,786,WAVE_STRUCT_REJECTED,bull,60780.0,2026-06-09 16:00,61813.34,2026-06-10 07:00,60755.0,2026-06-10 09:00,,497.74632876884283,-1,
2026-06-10 13:00,786,WAVE_STARTED,bear,62272.0,2026-06-09 20:00,60755.0,2026-06-10 09:00,61950.0,2026-06-10 12:00,,497.74632876884283,-1,C? tentatif
2026-06-10 13:00,786,B_LINE_TRACKING,bull,60393.96,2026-06-06 18:00,61000.0,2026-06-06 21:00,60429.09,2026-06-06 22:00,,497.74632876884283,-1,"level B aktif, dipantau"
2026-06-10 14:00,787,B_LINE_TRACKING,bull,59130.91,2026-06-05 19:00,62000.0,2026-06-05 21:00,59500.0,2026-06-06 04:00,,533.7023052853539,-1,"level B aktif, dipantau"
2026-06-10 14:00,787,CANDIDATE_FAILED,bear,67516.0,2026-06-03 06:00,62205.0,2026-06-04 11:00,64494.92,2026-06-04 14:00,,533.7023052853539,-1,kandidat gugur ✖ (buffer ATR); boleh breakout ulang
2026-06-10 16:00,789,WAVE_CANCELLED,bear,62272.0,2026-06-09 20:00,60755.0,2026-06-10 09:00,62446.0,2026-06-10 13:00,,561.4357632307389,1,
2026-06-10 16:00,789,B_LINE_TRACKING,bull,60780.0,2026-06-09 16:00,62272.0,2026-06-09 20:00,61080.0,2026-06-10 05:00,,561.4357632307389,1,"level B aktif, dipantau"
2026-06-10 16:00,789,CANDIDATE_INVALIDATED,bear,62272.0,2026-06-09 20:00,61080.0,2026-06-10 05:00,61813.34,2026-06-10 07:00,,561.4357632307389,1,
2026-06-10 16:00,789,CANDIDATE_FAILED,bear,64234.68,2026-06-07 22:00,62408.0,2026-06-08 05:00,64200.0,2026-06-08 15:00,,561.4357632307389,1,kandidat gugur ✖ (buffer ATR); boleh breakout ulang
2026-06-10 17:00,790,CANDIDATE_FAILED,bull,60780.0,2026-06-09 16:00,62272.0,2026-06-09 20:00,61080.0,2026-06-10 05:00,,572.4760658571147,1,kandidat gugur ✖ (buffer ATR); boleh breakout ulang
2026-06-10 17:00,790,B_LINE_TRACKING,bear,64234.68,2026-06-07 22:00,62408.0,2026-06-08 05:00,64200.0,2026-06-08 15:00,,572.4760658571147,1,"level B aktif, dipantau"
2026-06-10 18:00,791,CANDIDATE_FAILED,bull,59130.91,2026-06-05 19:00,62000.0,2026-06-05 21:00,59500.0,2026-06-06 04:00,,581.9749182958922,1,kandidat gugur ✖ (buffer ATR); boleh breakout ulang
2026-06-10 18:00,791,B_LINE_TRACKING,bear,67516.0,2026-06-03 06:00,62205.0,2026-06-04 11:00,64494.92,2026-06-04 14:00,,581.9749182958922,1,"level B aktif, dipantau"
2026-06-10 19:00,792,WAVE_STARTED,bull,60755.0,2026-06-10 09:00,62857.99,2026-06-10 15:00,61588.8,2026-06-10 18:00,,581.4124241318998,1,C? tentatif
2026-06-11 02:00,799,C_LOCKED,bull,60755.0,2026-06-10 09:00,62857.99,2026-06-10 15:00,61104.24,2026-06-10 22:00,,535.0801601557779,1,zona fibo oranye; via pivot
2026-06-11 02:00,799,WAVE_STARTED,bear,62857.99,2026-06-10 15:00,61104.24,2026-06-10 22:00,62378.0,2026-06-11 01:00,,535.0801601557779,1,C? tentatif
2026-06-11 02:00,799,B_LINE_TRACKING,bull,59130.91,2026-06-05 19:00,62000.0,2026-06-05 21:00,59500.0,2026-06-06 04:00,,535.0801601557779,1,"level B aktif, dipantau"
2026-06-11 02:00,799,CANDIDATE_FAILED,bear,67516.0,2026-06-03 06:00,62205.0,2026-06-04 11:00,64494.92,2026-06-04 14:00,,535.0801601557779,1,kandidat gugur ✖ (buffer ATR); boleh breakout ulang
2026-06-11 04:00,801,B_LINE_TRACKING,bull,60780.0,2026-06-09 16:00,62272.0,2026-06-09 20:00,61080.0,2026-06-10 05:00,,544.9493727873797,1,"level B aktif, dipantau"
2026-06-11 04:00,801,CANDIDATE_FAILED,bear,64234.68,2026-06-07 22:00,62408.0,2026-06-08 05:00,64200.0,2026-06-08 15:00,,544.9493727873797,1,kandidat gugur ✖ (buffer ATR); boleh breakout ulang
2026-06-11 09:00,806,WAVE_CANCELLED,bear,62857.99,2026-06-10 15:00,61104.24,2026-06-10 22:00,62997.53,2026-06-11 06:00,,469.08246320421705,1,
2026-06-11 09:00,806,B_LINE_TRACKING,bull,60755.0,2026-06-10 09:00,62857.99,2026-06-10 15:00,61104.24,2026-06-10 22:00,,469.08246320421705,1,"level B aktif, dipantau"
2026-06-11 09:00,806,CANDIDATE_FAILED,bear,64494.92,2026-06-04 14:00,62944.91,2026-06-04 17:00,64163.93,2026-06-04 19:00,,469.08246320421705,1,kandidat gugur ✖ (buffer ATR); boleh breakout ulang
2026-06-11 15:00,812,WAVE_STARTED,bull,61104.24,2026-06-10 22:00,63257.21,2026-06-11 11:00,62500.0,2026-06-11 12:00,,451.5633709655263,1,C? tentatif
2026-06-11 15:00,812,CANDIDATE_FAILED,bull,60755.0,2026-06-10 09:00,62857.99,2026-06-10 15:00,61104.24,2026-06-10 22:00,,451.5633709655263,1,kandidat gugur ✖ (buffer ATR); boleh breakout ulang
2026-06-11 15:00,812,B_LINE_TRACKING,bear,64494.92,2026-06-04 14:00,62944.91,2026-06-04 17:00,64163.93,2026-06-04 19:00,,451.5633709655263,1,"level B aktif, dipantau"
2026-06-11 16:00,813,C_LOCKED,bull,61104.24,2026-06-10 22:00,63257.21,2026-06-11 11:00,62500.0,2026-06-11 12:00,,445.72170161084574,1,zona fibo abu; via pivot
2026-06-11 16:00,813,WAVE_STARTED,bear,62857.99,2026-06-10 15:00,62500.0,2026-06-11 12:00,63239.43,2026-06-11 13:00,,445.72170161084574,1,C? tentatif
2026-06-11 18:00,815,WAVE_CANCELLED,bear,62857.99,2026-06-10 15:00,62500.0,2026-06-11 12:00,63239.43,2026-06-11 13:00,,497.18529373588234,1,
2026-06-11 18:00,815,B_LINE_TRACKING,bull,61104.24,2026-06-10 22:00,63257.21,2026-06-11 11:00,62500.0,2026-06-11 12:00,,497.18529373588234,1,"level B aktif, dipantau"
2026-06-11 18:00,815,B_LINE_TRACKING,bull,60755.0,2026-06-10 09:00,62857.99,2026-06-10 15:00,61104.24,2026-06-10 22:00,,497.18529373588234,1,"level B aktif, dipantau"
2026-06-11 18:00,815,CANDIDATE_INVALIDATED,bear,63526.01,2026-06-09 05:00,60780.0,2026-06-09 16:00,62272.0,2026-06-09 20:00,,497.18529373588234,1,
2026-06-11 18:00,815,CANDIDATE_FAILED,bear,64494.92,2026-06-04 14:00,62944.91,2026-06-04 17:00,64163.93,2026-06-04 19:00,,497.18529373588234,1,kandidat gugur ✖ (buffer ATR); boleh breakout ulang
2026-06-11 21:00,818,WAVE_STARTED,bear,63257.21,2026-06-11 11:00,62348.0,2026-06-11 17:00,63933.02,2026-06-11 19:00,,490.7467129510691,1,C? tentatif
2026-06-11 22:00,819,WAVE_CANCELLED,bear,63257.21,2026-06-11 11:00,62348.0,2026-06-11 17:00,63933.02,2026-06-11 19:00,,470.4312334545638,1,
2026-06-11 23:00,820,WAVE_STARTED,bull,62348.0,2026-06-11 17:00,63933.02,2026-06-11 19:00,63270.0,2026-06-11 20:00,,451.6861453506664,1,C? tentatif
2026-06-12 05:00,826,C_LOCKED,bull,62348.0,2026-06-11 17:00,63933.02,2026-06-11 19:00,63301.53,2026-06-12 01:00,,413.80813306077687,1,zona fibo abu; via pivot
2026-06-12 05:00,826,WAVE_STARTED,bear,63933.02,2026-06-11 19:00,63301.53,2026-06-12 01:00,63863.98,2026-06-12 04:00,,413.80813306077687,1,C? tentatif
2026-06-12 07:00,828,C_LOCKED,bear,63933.02,2026-06-11 19:00,63301.53,2026-06-12 01:00,63863.98,2026-06-12 04:00,,425.63400248607803,1,zona fibo oranye; via breakout
2026-06-12 07:00,828,CANDIDATE_FAILED,bull,61104.24,2026-06-10 22:00,63257.21,2026-06-11 11:00,62500.0,2026-06-11 12:00,,425.63400248607803,1,kandidat gugur ✖ (buffer ATR); boleh breakout ulang
2026-06-12 07:00,828,B_LINE_TRACKING,bear,63933.02,2026-06-11 19:00,63301.53,2026-06-12 01:00,63863.98,2026-06-12 04:00,,425.63400248607803,1,"level B aktif, dipantau"
2026-06-12 08:00,829,WAVE_STARTED,bull,62348.0,2026-06-11 17:00,63863.98,2026-06-12 04:00,62829.81,2026-06-12 06:00,,413.4987165942152,1,C? tentatif
2026-06-12 09:00,830,B_LINE_TRACKING,bull,61104.24,2026-06-10 22:00,63257.21,2026-06-11 11:00,62500.0,2026-06-11 12:00,,420.75166540891365,1,"level B aktif, dipantau"
2026-06-12 09:00,830,CANDIDATE_FAILED,bear,63933.02,2026-06-11 19:00,63301.53,2026-06-12 01:00,63863.98,2026-06-12 04:00,,420.75166540891365,1,kandidat gugur ✖ (buffer ATR); boleh breakout ulang
2026-06-12 10:00,831,C_LOCKED,bull,62348.0,2026-06-11 17:00,63863.98,2026-06-12 04:00,62829.81,2026-06-12 06:00,,427.54368930827667,1,zona fibo hijau; via pivot
2026-06-12 10:00,831,WAVE_STARTED,bear,63933.02,2026-06-11 19:00,62829.81,2026-06-12 06:00,63953.84,2026-06-12 09:00,,427.54368930827667,1,C? tentatif
2026-06-12 13:00,834,WAVE_STARTED,bull,62829.81,2026-06-12 06:00,63953.84,2026-06-12 09:00,63378.0,2026-06-12 12:00,,400.17971042648816,1,C? tentatif
2026-06-12 13:00,834,WAVE_STRUCT_REJECTED,bear,63933.02,2026-06-11 19:00,62829.81,2026-06-12 06:00,63953.84,2026-06-12 09:00,,400.17971042648816,1,
2026-06-12 14:00,835,CANDIDATE_FAILED,bull,61104.24,2026-06-10 22:00,63257.21,2026-06-11 11:00,62500.0,2026-06-11 12:00,,406.40258825316727,1,kandidat gugur ✖ (buffer ATR); boleh breakout ulang
2026-06-12 14:00,835,B_LINE_TRACKING,bear,63933.02,2026-06-11 19:00,63301.53,2026-06-12 01:00,63863.98,2026-06-12 04:00,,406.40258825316727,1,"level B aktif, dipantau"
2026-06-12 15:00,836,C_LOCKED,bull,62829.81,2026-06-12 06:00,63953.84,2026-06-12 09:00,63045.29,2026-06-12 13:00,,435.2309748065125,1,zona fibo oranye; via breakout
2026-06-12 15:00,836,B_LINE_TRACKING,bull,62348.0,2026-06-11 17:00,63863.98,2026-06-12 04:00,62829.81,2026-06-12 06:00,,435.2309748065125,1,"level B aktif, dipantau"
2026-06-12 15:00,836,BREAK,bull,62348.0,2026-06-11 17:00,63863.98,2026-06-12 04:00,62829.81,2026-06-12 06:00,68.2,435.2309748065125,1,ATR Str A1 A2 C2
2026-06-12 15:00,836,B_LINE_TRACKING,bull,62348.0,2026-06-11 17:00,63933.02,2026-06-11 19:00,63301.53,2026-06-12 01:00,,435.2309748065125,1,"level B aktif, dipantau"
2026-06-12 15:00,836,B_LINE_TRACKING,bull,61104.24,2026-06-10 22:00,63257.21,2026-06-11 11:00,62500.0,2026-06-11 12:00,,435.2309748065125,1,"level B aktif, dipantau"
2026-06-12 15:00,836,CANDIDATE_FAILED,bear,63933.02,2026-06-11 19:00,63301.53,2026-06-12 01:00,63863.98,2026-06-12 04:00,,435.2309748065125,1,kandidat gugur ✖ (buffer ATR); boleh breakout ulang
2026-06-12 16:00,837,CANDIDATE_FAILED,bull,62348.0,2026-06-11 17:00,63933.02,2026-06-11 19:00,63301.53,2026-06-12 01:00,,464.3244766060474,1,kandidat gugur ✖ (buffer ATR); boleh breakout ulang
2026-06-12 17:00,838,WAVE_STARTED,bear,63933.02,2026-06-11 19:00,63045.29,2026-06-12 13:00,64394.44,2026-06-12 15:00,,465.86129970561524,1,C? tentatif
2026-06-12 17:00,838,CANDIDATE_INVALIDATED,bear,63933.02,2026-06-11 19:00,63301.53,2026-06-12 01:00,63863.98,2026-06-12 04:00,,465.86129970561524,1,
2026-06-12 19:00,840,WAVE_STARTED,bull,63045.29,2026-06-12 13:00,64394.44,2026-06-12 15:00,63510.16,2026-06-12 16:00,,443.64157984820883,1,C? tentatif
2026-06-12 19:00,840,WAVE_STRUCT_REJECTED,bear,63933.02,2026-06-11 19:00,63045.29,2026-06-12 13:00,64394.44,2026-06-12 15:00,,443.64157984820883,1,
2026-06-13 00:00,845,C_LOCKED,bull,63045.29,2026-06-12 13:00,64394.44,2026-06-12 15:00,63400.0,2026-06-12 20:00,,370.70673005775365,1,zona fibo hijau; via pivot
2026-06-13 00:00,845,WAVE_STARTED,bear,64394.44,2026-06-12 15:00,63400.0,2026-06-12 20:00,63658.0,2026-06-12 22:00,,370.70673005775365,1,C? tentatif
2026-06-13 05:00,850,WAVE_STARTED,bull,63400.0,2026-06-12 20:00,63840.0,2026-06-13 01:00,63418.66,2026-06-13 03:00,,327.4659833390354,1,C? tentatif
2026-06-13 05:00,850,C_LOCKED,bear,64394.44,2026-06-12 15:00,63400.0,2026-06-12 20:00,63840.0,2026-06-13 01:00,,327.4659833390354,1,zona fibo abu; via pivot
2026-06-13 07:00,852,C_LOCKED,bull,63400.0,2026-06-12 20:00,63840.0,2026-06-13 01:00,63418.66,2026-06-13 03:00,,302.7118937974332,1,zona fibo oranye; via pivot
2026-06-13 07:00,852,CANDIDATE_EVICTED,bull,59130.91,2026-06-05 19:00,62000.0,2026-06-05 21:00,59500.0,2026-06-06 04:00,,302.7118937974332,1,
2026-06-13 07:00,852,WAVE_STARTED,bear,63840.0,2026-06-13 01:00,63418.66,2026-06-13 03:00,63740.0,2026-06-13 06:00,,302.7118937974332,1,C? tentatif
2026-06-13 08:00,853,WAVE_CANCELLED,bear,63840.0,2026-06-13 01:00,63418.66,2026-06-13 03:00,63740.0,2026-06-13 06:00,,295.9817585261878,1,
2026-06-13 12:00,857,B_LINE_TRACKING,bull,63400.0,2026-06-12 20:00,63840.0,2026-06-13 01:00,63418.66,2026-06-13 03:00,,258.1550495956491,1,"level B aktif, dipantau"
2026-06-13 13:00,858,B_LINE_TRACKING,bull,62829.81,2026-06-12 06:00,63953.84,2026-06-12 09:00,63045.29,2026-06-12 13:00,,260.62040319595974,1,"level B aktif, dipantau"
2026-06-13 13:00,858,B_LINE_TRACKING,bull,62348.0,2026-06-11 17:00,63933.02,2026-06-11 19:00,63301.53,2026-06-12 01:00,,260.62040319595974,1,"level B aktif, dipantau"
2026-06-13 16:00,861,CANDIDATE_INVALIDATED,bear,64234.68,2026-06-07 22:00,62408.0,2026-06-08 05:00,64200.0,2026-06-08 15:00,,241.28757500784403,1,
2026-06-13 18:00,863,CANDIDATE_FAILED,bull,62829.81,2026-06-12 06:00,63953.84,2026-06-12 09:00,63045.29,2026-06-12 13:00,,246.31994987921203,1,kandidat gugur ✖ (buffer ATR); boleh breakout ulang
2026-06-13 19:00,864,WAVE_STARTED,bull,63418.66,2026-06-13 03:00,64350.0,2026-06-13 15:00,63920.05,2026-06-13 16:00,,250.9399534592683,1,C? tentatif
2026-06-13 19:00,864,B_LINE_TRACKING,bull,62829.81,2026-06-12 06:00,63953.84,2026-06-12 09:00,63045.29,2026-06-12 13:00,,250.9399534592683,1,"level B aktif, dipantau"
2026-06-13 20:00,865,C_LOCKED,bull,63418.66,2026-06-13 03:00,64350.0,2026-06-13 15:00,63920.05,2026-06-13 16:00,,245.9885282121779,1,zona fibo abu; via pivot
2026-06-13 20:00,865,CANDIDATE_EVICTED,bull,60393.96,2026-06-06 18:00,61000.0,2026-06-06 21:00,60429.09,2026-06-06 22:00,,245.9885282121779,1,
2026-06-13 22:00,867,B_LINE_TRACKING,bull,63418.66,2026-06-13 03:00,64350.0,2026-06-13 15:00,63920.05,2026-06-13 16:00,,255.04352687682663,1,"level B aktif, dipantau"
2026-06-13 22:00,867,B_LINE_TRACKING,bull,63045.29,2026-06-12 13:00,64394.44,2026-06-12 15:00,63400.0,2026-06-12 20:00,,255.04352687682663,1,"level B aktif, dipantau"
2026-06-13 22:00,867,BREAK,bull,63045.29,2026-06-12 13:00,64394.44,2026-06-12 15:00,63400.0,2026-06-12 20:00,73.7,255.04352687682663,1,ATR Str A1 A2 C2
2026-06-13 22:00,867,CANDIDATE_INVALIDATED,bear,64394.44,2026-06-12 15:00,63400.0,2026-06-12 20:00,63840.0,2026-06-13 01:00,,255.04352687682663,1,
2026-06-14 01:00,870,WAVE_STARTED,bull,63418.66,2026-06-13 03:00,64762.77,2026-06-13 21:00,64380.7,2026-06-14 00:00,,243.21755049139512,1,C? tentatif
2026-06-14 01:00,870,CANDIDATE_INVALIDATED,bear,64494.92,2026-06-04 14:00,59130.91,2026-06-05 19:00,62000.0,2026-06-05 21:00,,243.21755049139512,1,
2026-06-14 01:00,870,CANDIDATE_INVALIDATED,bear,64494.92,2026-06-04 14:00,62944.91,2026-06-04 17:00,64163.93,2026-06-04 19:00,,243.21755049139512,1,
2026-06-14 05:00,874,CANDIDATE_FAILED,bull,63418.66,2026-06-13 03:00,64350.0,2026-06-13 15:00,63920.05,2026-06-13 16:00,,224.52991018285982,1,kandidat gugur ✖ (buffer ATR); boleh breakout ulang
2026-06-14 08:00,877,B_LINE_TRACKING,bull,63418.66,2026-06-13 03:00,64350.0,2026-06-13 15:00,63920.05,2026-06-13 16:00,,220.5519980582148,1,"level B aktif, dipantau"
2026-06-14 11:00,880,C_LOCKED,bull,63418.66,2026-06-13 03:00,64762.77,2026-06-13 21:00,64214.0,2026-06-14 07:00,,215.6318439263473,1,zona fibo abu; via pivot
2026-06-14 11:00,880,WAVE_STARTED,bear,64762.77,2026-06-13 21:00,64214.0,2026-06-14 07:00,64664.0,2026-06-14 10:00,,215.6318439263473,1,C? tentatif
2026-06-14 13:00,882,CANDIDATE_FAILED,bull,63418.66,2026-06-13 03:00,64350.0,2026-06-13 15:00,63920.05,2026-06-13 16:00,,216.96368175282035,1,kandidat gugur ✖ (buffer ATR); boleh breakout ulang
2026-06-14 14:00,883,WAVE_STARTED,bull,64214.0,2026-06-14 07:00,64664.0,2026-06-14 10:00,64244.0,2026-06-14 13:00,,212.47627591333315,1,C? tentatif
2026-06-14 14:00,883,C_LOCKED,bear,64762.77,2026-06-13 21:00,64214.0,2026-06-14 07:00,64664.0,2026-06-14 10:00,,212.47627591333315,1,zona fibo oranye; via pivot
2026-06-14 15:00,884,WAVE_CANCELLED,bull,64214.0,2026-06-14 07:00,64664.0,2026-06-14 10:00,64244.0,2026-06-14 13:00,,231.2115419195234,1,
2026-06-14 15:00,884,CANDIDATE_FAILED,bull,62829.81,2026-06-12 06:00,63953.84,2026-06-12 09:00,63045.29,2026-06-12 13:00,,231.2115419195234,1,kandidat gugur ✖ (buffer ATR); boleh breakout ulang
2026-06-14 15:00,884,B_LINE_TRACKING,bear,64762.77,2026-06-13 21:00,64214.0,2026-06-14 07:00,64664.0,2026-06-14 10:00,,231.2115419195234,1,"level B aktif, dipantau"
2026-06-14 16:00,885,B_LINE_TRACKING,bull,62829.81,2026-06-12 06:00,63953.84,2026-06-12 09:00,63045.29,2026-06-12 13:00,,227.082146068129,1,"level B aktif, dipantau"
2026-06-14 17:00,886,CANDIDATE_FAILED,bull,62829.81,2026-06-12 06:00,63953.84,2026-06-12 09:00,63045.29,2026-06-12 13:00,,230.35627849183396,-1,kandidat gugur ✖ (buffer ATR); boleh breakout ulang
2026-06-14 17:00,886,CANDIDATE_FAILED,bull,62348.0,2026-06-11 17:00,63933.02,2026-06-11 19:00,63301.53,2026-06-12 01:00,,230.35627849183396,-1,kandidat gugur ✖ (buffer ATR); boleh breakout ulang
2026-06-14 18:00,887,CANDIDATE_FAILED,bull,63400.0,2026-06-12 20:00,63840.0,2026-06-13 01:00,63418.66,2026-06-13 03:00,,237.1358300281313,-1,kandidat gugur ✖ (buffer ATR); boleh breakout ulang
2026-06-14 21:00,890,B_LINE_TRACKING,bull,63400.0,2026-06-12 20:00,63840.0,2026-06-13 01:00,63418.66,2026-06-13 03:00,,227.8873573512412,-1,"level B aktif, dipantau"
2026-06-14 21:00,890,B_LINE_TRACKING,bull,62829.81,2026-06-12 06:00,63953.84,2026-06-12 09:00,63045.29,2026-06-12 13:00,,227.8873573512412,-1,"level B aktif, dipantau"
2026-06-14 21:00,890,B_LINE_TRACKING,bull,62348.0,2026-06-11 17:00,63933.02,2026-06-11 19:00,63301.53,2026-06-12 01:00,,227.8873573512412,-1,"level B aktif, dipantau"
2026-06-14 22:00,891,WAVE_STARTED,bear,64664.0,2026-06-14 10:00,63678.83,2026-06-14 18:00,65666.0,2026-06-14 21:00,,330.09254611186697,1,C? tentatif
2026-06-14 22:00,891,B_LINE_TRACKING,bull,63418.66,2026-06-13 03:00,64762.77,2026-06-13 21:00,64214.0,2026-06-14 07:00,,330.09254611186697,1,"level B aktif, dipantau"
2026-06-14 22:00,891,B_LINE_TRACKING,bull,63418.66,2026-06-13 03:00,64350.0,2026-06-13 15:00,63920.05,2026-06-13 16:00,,330.09254611186697,1,"level B aktif, dipantau"
2026-06-14 22:00,891,CANDIDATE_FAILED,bear,64762.77,2026-06-13 21:00,64214.0,2026-06-14 07:00,64664.0,2026-06-14 10:00,,330.09254611186697,1,kandidat gugur ✖ (buffer ATR); boleh breakout ulang
2026-06-14 23:00,892,WAVE_CANCELLED,bear,64664.0,2026-06-14 10:00,63678.83,2026-06-14 18:00,65666.0,2026-06-14 21:00,,351.7916499610191,1,
2026-06-14 23:00,892,CANDIDATE_INVALIDATED,bear,64762.77,2026-06-13 21:00,64214.0,2026-06-14 07:00,64664.0,2026-06-14 10:00,,351.7916499610191,1,
2026-06-14 23:00,892,CANDIDATE_FAILED,bear,74198.0,2026-05-31 23:00,65426.34,2026-06-03 03:00,67516.0,2026-06-03 06:00,,351.7916499610191,1,kandidat gugur ✖ (buffer ATR); boleh breakout ulang
2026-06-15 07:00,900,WAVE_STARTED,bull,63678.83,2026-06-14 18:00,65995.0,2026-06-15 03:00,65611.01,2026-06-15 05:00,,357.561103957104,1,C? tentatif
2026-06-15 12:00,905,C_LOCKED,bull,63678.83,2026-06-14 18:00,65995.0,2026-06-15 03:00,65512.0,2026-06-15 09:00,,358.58596515132257,1,zona fibo abu; via breakout
2026-06-15 12:00,905,CANDIDATE_EVICTED,bull,60780.0,2026-06-09 16:00,62272.0,2026-06-09 20:00,61080.0,2026-06-10 05:00,,358.58596515132257,1,
2026-06-15 12:00,905,B_LINE_TRACKING,bull,63678.83,2026-06-14 18:00,65995.0,2026-06-15 03:00,65512.0,2026-06-15 09:00,,358.58596515132257,1,"level B aktif, dipantau"
2026-06-15 16:00,909,CANDIDATE_FAILED,bear,67516.0,2026-06-03 06:00,66656.48,2026-06-03 09:00,67476.69,2026-06-03 10:00,,406.96401657348287,1,kandidat gugur ✖ (buffer ATR); boleh breakout ulang
2026-06-15 21:00,914,B_LINE_TRACKING,bear,67516.0,2026-06-03 06:00,66656.48,2026-06-03 09:00,67476.69,2026-06-03 10:00,,387.5594902526076,1,"level B aktif, dipantau"
2026-06-16 03:00,920,CANDIDATE_FAILED,bull,63678.83,2026-06-14 18:00,65995.0,2026-06-15 03:00,65512.0,2026-06-15 09:00,,370.64223329919724,-1,kandidat gugur ✖ (buffer ATR); boleh breakout ulang
2026-06-16 04:00,921,B_LINE_TRACKING,bull,63678.83,2026-06-14 18:00,65995.0,2026-06-15 03:00,65512.0,2026-06-15 09:00,,381.06850234925463,-1,"level B aktif, dipantau"
2026-06-16 05:00,922,CANDIDATE_FAILED,bull,63678.83,2026-06-14 18:00,65995.0,2026-06-15 03:00,65512.0,2026-06-15 09:00,,389.55146646716514,-1,kandidat gugur ✖ (buffer ATR); boleh breakout ulang
2026-06-16 07:00,924,B_LINE_TRACKING,bull,63678.83,2026-06-14 18:00,65995.0,2026-06-15 03:00,65512.0,2026-06-15 09:00,,394.1728971068927,-1,"level B aktif, dipantau"
2026-06-16 09:00,926,CANDIDATE_FAILED,bear,67516.0,2026-06-03 06:00,66656.48,2026-06-03 09:00,67476.69,2026-06-03 10:00,,401.1483143421672,-1,kandidat gugur ✖ (buffer ATR); boleh breakout ulang
2026-06-16 10:00,927,B_LINE_TRACKING,bear,67516.0,2026-06-03 06:00,66656.48,2026-06-03 09:00,67476.69,2026-06-03 10:00,,404.5841490320125,-1,"level B aktif, dipantau"
2026-06-16 12:00,929,WAVE_STARTED,bull,65650.0,2026-06-16 03:00,66992.0,2026-06-16 08:00,66368.36,2026-06-16 11:00,,387.8263325837244,-1,C? tentatif
2026-06-16 14:00,931,CANDIDATE_FAILED,bull,63678.83,2026-06-14 18:00,65995.0,2026-06-15 03:00,65512.0,2026-06-15 09:00,,402.46035819719106,-1,kandidat gugur ✖ (buffer ATR); boleh breakout ulang
2026-06-16 18:00,935,WAVE_STRUCT_REJECTED,bull,65650.0,2026-06-16 03:00,66992.0,2026-06-16 08:00,65360.92,2026-06-16 14:00,,412.6630989814138,-1,
2026-06-16 18:00,935,WAVE_STARTED,bear,66992.0,2026-06-16 08:00,65360.92,2026-06-16 14:00,66011.47,2026-06-16 17:00,,412.6630989814138,-1,C? tentatif
2026-06-16 22:00,939,WAVE_STARTED,bull,65360.92,2026-06-16 14:00,66248.69,2026-06-16 18:00,65560.0,2026-06-16 19:00,,388.474366410042,-1,C? tentatif
2026-06-16 22:00,939,C_LOCKED,bear,66992.0,2026-06-16 08:00,65360.92,2026-06-16 14:00,66248.69,2026-06-16 18:00,,388.474366410042,-1,zona fibo hijau; via pivot
2026-06-16 23:00,940,C_LOCKED,bull,65360.92,2026-06-16 14:00,66248.69,2026-06-16 18:00,65560.0,2026-06-16 19:00,,375.1547688093247,-1,zona fibo hijau; via pivot
2026-06-16 23:00,940,CANDIDATE_EVICTED,bull,60755.0,2026-06-10 09:00,62857.99,2026-06-10 15:00,61104.24,2026-06-10 22:00,,375.1547688093247,-1,
2026-06-16 23:00,940,WAVE_STARTED,bear,66992.0,2026-06-16 08:00,65560.0,2026-06-16 19:00,65938.0,2026-06-16 21:00,,375.1547688093247,-1,C? tentatif
2026-06-17 06:00,947,WAVE_STARTED,bull,65360.92,2026-06-16 14:00,66200.0,2026-06-17 02:00,65703.45,2026-06-17 03:00,,336.4630690828106,-1,C? tentatif
2026-06-17 06:00,947,C_LOCKED,bear,66992.0,2026-06-16 08:00,65560.0,2026-06-16 19:00,66200.0,2026-06-17 02:00,,336.4630690828106,-1,zona fibo abu; via pivot
2026-06-17 09:00,950,WAVE_CANCELLED,bull,65360.92,2026-06-16 14:00,66200.0,2026-06-17 02:00,65251.0,2026-06-17 07:00,,372.086451448591,-1,
2026-06-17 09:00,950,CANDIDATE_INVALIDATED,bull,65360.92,2026-06-16 14:00,66248.69,2026-06-16 18:00,65560.0,2026-06-16 19:00,,372.086451448591,-1,
2026-06-17 09:00,950,B_LINE_TRACKING,bear,66992.0,2026-06-16 08:00,65560.0,2026-06-16 19:00,66200.0,2026-06-17 02:00,,372.086451448591,-1,"level B aktif, dipantau"
2026-06-17 09:00,950,B_LINE_TRACKING,bear,66992.0,2026-06-16 08:00,65360.92,2026-06-16 14:00,66248.69,2026-06-16 18:00,,372.086451448591,-1,"level B aktif, dipantau"
2026-06-17 09:00,950,BREAK,bear,66992.0,2026-06-16 08:00,65360.92,2026-06-16 14:00,66248.69,2026-06-16 18:00,54.4,372.086451448591,-1,ATR Str A1 A2 C2
2026-06-17 09:00,950,B_LINE_TRACKING,bear,74198.0,2026-05-31 23:00,65426.34,2026-06-03 03:00,67516.0,2026-06-03 06:00,,372.086451448591,-1,"level B aktif, dipantau"
2026-06-17 11:00,952,CANDIDATE_FAILED,bull,63418.66,2026-06-13 03:00,64762.77,2026-06-13 21:00,64214.0,2026-06-14 07:00,,352.54051170822396,-1,kandidat gugur ✖ (buffer ATR); boleh breakout ulang
2026-06-17 13:00,954,B_LINE_TRACKING,bull,63418.66,2026-06-13 03:00,64762.77,2026-06-13 21:00,64214.0,2026-06-14 07:00,,361.04926774841766,-1,"level B aktif, dipantau"
2026-06-17 15:00,956,WAVE_STARTED,bear,66200.0,2026-06-17 02:00,64565.0,2026-06-17 11:00,65461.38,2026-06-17 14:00,,394.9615114769516,-1,C? tentatif
2026-06-17 16:00,957,CANDIDATE_FAILED,bear,66992.0,2026-06-16 08:00,65560.0,2026-06-16 19:00,66200.0,2026-06-17 02:00,,428.7442606571698,1,kandidat gugur ✖ (buffer ATR); boleh breakout ulang
2026-06-17 16:00,957,CANDIDATE_FAILED,bear,74198.0,2026-05-31 23:00,65426.34,2026-06-03 03:00,67516.0,2026-06-03 06:00,,428.7442606571698,1,kandidat gugur ✖ (buffer ATR); boleh breakout ulang
2026-06-17 18:00,959,B_LINE_TRACKING,bull,63678.83,2026-06-14 18:00,65995.0,2026-06-15 03:00,65512.0,2026-06-15 09:00,,445.6968880156201,1,"level B aktif, dipantau"
2026-06-17 19:00,960,CANDIDATE_FAILED,bull,63678.83,2026-06-14 18:00,65995.0,2026-06-15 03:00,65512.0,2026-06-15 09:00,,507.28925315736194,1,kandidat gugur ✖ (buffer ATR); boleh breakout ulang
2026-06-17 20:00,961,WAVE_STARTED,bull,64565.0,2026-06-17 11:00,66445.93,2026-06-17 16:00,63998.35,2026-06-17 19:00,,590.1721636461219,-1,C? tentatif
2026-06-17 20:00,961,WAVE_STRUCT_REJECTED,bear,66200.0,2026-06-17 02:00,64565.0,2026-06-17 11:00,66445.93,2026-06-17 16:00,,590.1721636461219,-1,
2026-06-17 20:00,961,CANDIDATE_FAILED,bull,63418.66,2026-06-13 03:00,64762.77,2026-06-13 21:00,64214.0,2026-06-14 07:00,,590.1721636461219,-1,kandidat gugur ✖ (buffer ATR); boleh breakout ulang
2026-06-17 20:00,961,CANDIDATE_FAILED,bull,63418.66,2026-06-13 03:00,64350.0,2026-06-13 15:00,63920.05,2026-06-13 16:00,,590.1721636461219,-1,kandidat gugur ✖ (buffer ATR); boleh breakout ulang
2026-06-17 20:00,961,B_LINE_TRACKING,bear,66992.0,2026-06-16 08:00,65560.0,2026-06-16 19:00,66200.0,2026-06-17 02:00,,590.1721636461219,-1,"level B aktif, dipantau"
2026-06-17 20:00,961,B_LINE_TRACKING,bear,74198.0,2026-05-31 23:00,65426.34,2026-06-03 03:00,67516.0,2026-06-03 06:00,,590.1721636461219,-1,"level B aktif, dipantau"
2026-06-17 21:00,962,WAVE_CANCELLED,bull,64565.0,2026-06-17 11:00,66445.93,2026-06-17 16:00,63998.35,2026-06-17 19:00,,569.9905805285416,-1,
2026-06-18 00:00,965,B_LINE_TRACKING,bull,63418.66,2026-06-13 03:00,64350.0,2026-06-13 15:00,63920.05,2026-06-13 16:00,,529.9727570776987,-1,"level B aktif, dipantau"
2026-06-18 02:00,967,WAVE_STARTED,bear,66445.93,2026-06-17 16:00,63915.77,2026-06-17 22:00,64806.0,2026-06-18 01:00,,497.436152786383,-1,C? tentatif
2026-06-18 04:00,969,CANDIDATE_FAILED,bull,63418.66,2026-06-13 03:00,64350.0,2026-06-13 15:00,63920.05,2026-06-13 16:00,,478.1747439841773,-1,kandidat gugur ✖ (buffer ATR); boleh breakout ulang
2026-06-18 05:00,970,WAVE_STARTED,bull,63915.77,2026-06-17 22:00,64806.0,2026-06-18 01:00,63826.93,2026-06-18 04:00,,481.17369084245007,-1,C? tentatif
2026-06-18 05:00,970,C_LOCKED,bear,66445.93,2026-06-17 16:00,63915.77,2026-06-17 22:00,64806.0,2026-06-18 01:00,,481.17369084245007,-1,zona fibo abu; via pivot
2026-06-18 05:00,970,CANDIDATE_FAILED,bull,63400.0,2026-06-12 20:00,63840.0,2026-06-13 01:00,63418.66,2026-06-13 03:00,,481.17369084245007,-1,kandidat gugur ✖ (buffer ATR); boleh breakout ulang
2026-06-18 05:00,970,CANDIDATE_FAILED,bull,62829.81,2026-06-12 06:00,63953.84,2026-06-12 09:00,63045.29,2026-06-12 13:00,,481.17369084245007,-1,kandidat gugur ✖ (buffer ATR); boleh breakout ulang
2026-06-18 05:00,970,CANDIDATE_FAILED,bull,62348.0,2026-06-11 17:00,63933.02,2026-06-11 19:00,63301.53,2026-06-12 01:00,,481.17369084245007,-1,kandidat gugur ✖ (buffer ATR); boleh breakout ulang
2026-06-18 06:00,971,B_LINE_TRACKING,bull,63400.0,2026-06-12 20:00,63840.0,2026-06-13 01:00,63418.66,2026-06-13 03:00,,469.9262843537036,-1,"level B aktif, dipantau"
2026-06-18 07:00,972,B_LINE_TRACKING,bull,62829.81,2026-06-12 06:00,63953.84,2026-06-12 09:00,63045.29,2026-06-12 13:00,,456.66940689986774,-1,"level B aktif, dipantau"
2026-06-18 07:00,972,B_LINE_TRACKING,bull,62348.0,2026-06-11 17:00,63933.02,2026-06-11 19:00,63301.53,2026-06-12 01:00,,456.66940689986774,-1,"level B aktif, dipantau"
2026-06-18 08:00,973,B_LINE_TRACKING,bull,63418.66,2026-06-13 03:00,64350.0,2026-06-13 15:00,63920.05,2026-06-13 16:00,,459.41302069273445,-1,"level B aktif, dipantau"
2026-06-18 09:00,974,WAVE_STRUCT_REJECTED,bull,63915.77,2026-06-17 22:00,64806.0,2026-06-18 01:00,63696.29,2026-06-18 05:00,,445.7763763575391,-1,
2026-06-18 09:00,974,WAVE_STARTED,bear,64806.0,2026-06-18 01:00,63696.29,2026-06-18 05:00,64646.75,2026-06-18 08:00,,445.7763763575391,-1,C? tentatif
2026-06-18 09:00,974,CANDIDATE_FAILED,bull,63418.66,2026-06-13 03:00,64350.0,2026-06-13 15:00,63920.05,2026-06-13 16:00,,445.7763763575391,-1,kandidat gugur ✖ (buffer ATR); boleh breakout ulang
2026-06-18 12:00,977,WAVE_STARTED,bull,63696.29,2026-06-18 05:00,64646.75,2026-06-18 08:00,63878.14,2026-06-18 11:00,,417.789861099677,-1,C? tentatif
2026-06-18 12:00,977,C_LOCKED,bear,64806.0,2026-06-18 01:00,63696.29,2026-06-18 05:00,64646.75,2026-06-18 08:00,,417.789861099677,-1,zona fibo oranye; via pivot
2026-06-18 12:00,977,CANDIDATE_FAILED,bull,62829.81,2026-06-12 06:00,63953.84,2026-06-12 09:00,63045.29,2026-06-12 13:00,,417.789861099677,-1,kandidat gugur ✖ (buffer ATR); boleh breakout ulang
2026-06-18 12:00,977,CANDIDATE_FAILED,bull,62348.0,2026-06-11 17:00,63933.02,2026-06-11 19:00,63301.53,2026-06-12 01:00,,417.789861099677,-1,kandidat gugur ✖ (buffer ATR); boleh breakout ulang
2026-06-18 13:00,978,B_LINE_TRACKING,bull,62829.81,2026-06-12 06:00,63953.84,2026-06-12 09:00,63045.29,2026-06-12 13:00,,422.23415673541456,-1,"level B aktif, dipantau"
2026-06-18 13:00,978,B_LINE_TRACKING,bull,62348.0,2026-06-11 17:00,63933.02,2026-06-11 19:00,63301.53,2026-06-12 01:00,,422.23415673541456,-1,"level B aktif, dipantau"
2026-06-18 14:00,979,CANDIDATE_FAILED,bull,62829.81,2026-06-12 06:00,63953.84,2026-06-12 09:00,63045.29,2026-06-12 13:00,,438.15957411145655,-1,kandidat gugur ✖ (buffer ATR); boleh breakout ulang
2026-06-18 14:00,979,CANDIDATE_FAILED,bull,62348.0,2026-06-11 17:00,63933.02,2026-06-11 19:00,63301.53,2026-06-12 01:00,,438.15957411145655,-1,kandidat gugur ✖ (buffer ATR); boleh breakout ulang
2026-06-18 15:00,980,CANDIDATE_FAILED,bull,63400.0,2026-06-12 20:00,63840.0,2026-06-13 01:00,63418.66,2026-06-13 03:00,,450.88817596063825,-1,kandidat gugur ✖ (buffer ATR); boleh breakout ulang
2026-06-18 15:00,980,B_LINE_TRACKING,bear,66445.93,2026-06-17 16:00,63915.77,2026-06-17 22:00,64806.0,2026-06-18 01:00,,450.88817596063825,-1,"level B aktif, dipantau"
2026-06-18 16:00,981,WAVE_CANCELLED,bull,63696.29,2026-06-18 05:00,64646.75,2026-06-18 08:00,63587.3,2026-06-18 14:00,,528.1268776777353,-1,
2026-06-18 16:00,981,CANDIDATE_INVALIDATED,bull,63678.83,2026-06-14 18:00,65995.0,2026-06-15 03:00,65512.0,2026-06-15 09:00,,528.1268776777353,-1,
2026-06-18 16:00,981,CANDIDATE_INVALIDATED,bull,63418.66,2026-06-13 03:00,64762.77,2026-06-13 21:00,64214.0,2026-06-14 07:00,,528.1268776777353,-1,
2026-06-18 16:00,981,CANDIDATE_INVALIDATED,bull,63418.66,2026-06-13 03:00,64350.0,2026-06-13 15:00,63920.05,2026-06-13 16:00,,528.1268776777353,-1,
2026-06-18 16:00,981,CANDIDATE_INVALIDATED,bull,63400.0,2026-06-12 20:00,63840.0,2026-06-13 01:00,63418.66,2026-06-13 03:00,,528.1268776777353,-1,
2026-06-18 16:00,981,CANDIDATE_INVALIDATED,bull,62829.81,2026-06-12 06:00,63953.84,2026-06-12 09:00,63045.29,2026-06-12 13:00,,528.1268776777353,-1,
2026-06-18 16:00,981,CANDIDATE_FAILED,bull,61104.24,2026-06-10 22:00,63257.21,2026-06-11 11:00,62500.0,2026-06-11 12:00,,528.1268776777353,-1,kandidat gugur ✖ (buffer ATR); boleh breakout ulang
2026-06-18 16:00,981,B_LINE_TRACKING,bear,64806.0,2026-06-18 01:00,63696.29,2026-06-18 05:00,64646.75,2026-06-18 08:00,,528.1268776777353,-1,"level B aktif, dipantau"
2026-06-18 17:00,982,WAVE_STARTED,bull,63696.29,2026-06-18 05:00,64445.19,2026-06-18 13:00,62293.76,2026-06-18 15:00,,523.5878149864686,-1,C? tentatif
2026-06-18 18:00,983,WAVE_CANCELLED,bull,63696.29,2026-06-18 05:00,64445.19,2026-06-18 13:00,62293.76,2026-06-18 15:00,,520.3265424874352,-1,
2026-06-18 21:00,986,WAVE_STARTED,bear,64806.0,2026-06-18 01:00,62272.07,2026-06-18 17:00,63274.19,2026-06-18 20:00,,487.78569017671106,-1,C? tentatif
2026-06-19 00:00,989,WAVE_STARTED,bull,62272.07,2026-06-18 17:00,63274.19,2026-06-18 20:00,62742.0,2026-06-18 22:00,,438.8050515008144,-1,C? tentatif
2026-06-19 00:00,989,C_LOCKED,bear,64806.0,2026-06-18 01:00,62272.07,2026-06-18 17:00,63274.19,2026-06-18 20:00,,438.8050515008144,-1,zona fibo abu; via pivot
2026-06-19 07:00,996,C_LOCKED,bull,62272.07,2026-06-18 17:00,63274.19,2026-06-18 20:00,62386.9,2026-06-19 03:00,,396.95445933876493,-1,zona fibo oranye; via pivot
2026-06-19 07:00,996,WAVE_STARTED,bear,64806.0,2026-06-18 01:00,62386.9,2026-06-19 03:00,62916.66,2026-06-19 04:00,,396.95445933876493,-1,C? tentatif
2026-06-19 11:00,1000,WAVE_STARTED,bull,62386.9,2026-06-19 03:00,62917.32,2026-06-19 07:00,62316.44,2026-06-19 09:00,,370.9853889830916,-1,C? tentatif
2026-06-19 11:00,1000,C_LOCKED,bear,64806.0,2026-06-18 01:00,62386.9,2026-06-19 03:00,62917.32,2026-06-19 07:00,,370.9853889830916,-1,zona fibo abu; via pivot
2026-06-19 13:00,1002,WAVE_STRUCT_REJECTED,bull,62386.9,2026-06-19 03:00,62917.32,2026-06-19 07:00,62316.44,2026-06-19 09:00,,372.3756670313392,-1,
2026-06-19 13:00,1002,WAVE_STARTED,bear,64806.0,2026-06-18 01:00,62316.44,2026-06-19 09:00,62872.99,2026-06-19 12:00,,372.3756670313392,-1,C? tentatif
2026-06-19 18:00,1007,WAVE_STARTED,bull,62316.44,2026-06-19 09:00,63419.27,2026-06-19 14:00,62866.99,2026-06-19 17:00,,395.9683756006925,-1,C? tentatif
2026-06-19 18:00,1007,C_LOCKED,bear,64806.0,2026-06-18 01:00,62316.44,2026-06-19 09:00,63419.27,2026-06-19 14:00,,395.9683756006925,-1,zona fibo abu; via pivot
2026-06-19 18:00,1007,CANDIDATE_EVICTED,bear,74198.0,2026-05-31 23:00,65426.34,2026-06-03 03:00,67516.0,2026-06-03 06:00,,395.9683756006925,-1,
2026-06-19 21:00,1010,C_LOCKED,bull,62316.44,2026-06-19 09:00,63419.27,2026-06-19 14:00,62866.99,2026-06-19 17:00,,365.665780318776,-1,zona fibo hijau; via pivot
2026-06-19 21:00,1010,WAVE_STARTED,bear,63419.27,2026-06-19 14:00,62866.99,2026-06-19 17:00,63274.0,2026-06-19 20:00,,365.665780318776,-1,C? tentatif
2026-06-19 23:00,1012,B_LINE_TRACKING,bull,61104.24,2026-06-10 22:00,63257.21,2026-06-11 11:00,62500.0,2026-06-11 12:00,,352.5589636422101,-1,"level B aktif, dipantau"
2026-06-20 00:00,1013,WAVE_CANCELLED,bear,63419.27,2026-06-19 14:00,62866.99,2026-06-19 17:00,63369.48,2026-06-19 22:00,,355.2333233820522,1,
2026-06-20 00:00,1013,B_LINE_TRACKING,bull,62316.44,2026-06-19 09:00,63419.27,2026-06-19 14:00,62866.99,2026-06-19 17:00,,355.2333233820522,1,"level B aktif, dipantau"
2026-06-20 00:00,1013,BREAK,bull,62316.44,2026-06-19 09:00,63419.27,2026-06-19 14:00,62866.99,2026-06-19 17:00,50.1,355.2333233820522,1,ATR Str A1 A2 C2
2026-06-20 00:00,1013,B_LINE_TRACKING,bull,62272.07,2026-06-18 17:00,63274.19,2026-06-18 20:00,62386.9,2026-06-19 03:00,,355.2333233820522,1,"level B aktif, dipantau"
2026-06-20 04:00,1017,WAVE_STARTED,bull,62316.44,2026-06-19 09:00,63777.0,2026-06-20 00:00,63320.14,2026-06-20 03:00,,324.89321972914394,1,C? tentatif
2026-06-20 06:00,1019,CANDIDATE_FAILED,bear,64806.0,2026-06-18 01:00,63696.29,2026-06-18 05:00,64646.75,2026-06-18 08:00,,320.1436945623739,1,kandidat gugur ✖ (buffer ATR); boleh breakout ulang
2026-06-20 07:00,1020,C_LOCKED,bull,62316.44,2026-06-19 09:00,63777.0,2026-06-20 00:00,63320.14,2026-06-20 03:00,,305.9641449507756,1,zona fibo abu; via pivot
2026-06-20 07:00,1020,WAVE_STARTED,bear,63419.27,2026-06-19 14:00,63320.14,2026-06-20 03:00,63907.07,2026-06-20 05:00,,305.9641449507756,1,C? tentatif
2026-06-20 08:00,1021,WAVE_CANCELLED,bear,63419.27,2026-06-19 14:00,63320.14,2026-06-20 03:00,63907.07,2026-06-20 05:00,,298.79742031143434,1,
2026-06-20 09:00,1022,WAVE_STARTED,bull,62316.44,2026-06-19 09:00,63907.07,2026-06-20 05:00,63392.41,2026-06-20 08:00,,296.8818902891887,1,C? tentatif
2026-06-20 09:00,1022,B_LINE_TRACKING,bear,64806.0,2026-06-18 01:00,63696.29,2026-06-18 05:00,64646.75,2026-06-18 08:00,,296.8818902891887,1,"level B aktif, dipantau"
2026-06-20 10:00,1023,CANDIDATE_FAILED,bear,64806.0,2026-06-18 01:00,63696.29,2026-06-18 05:00,64646.75,2026-06-18 08:00,,302.08818383996066,1,kandidat gugur ✖ (buffer ATR); boleh breakout ulang
2026-06-20 12:00,1025,C_LOCKED,bull,62316.44,2026-06-19 09:00,63907.07,2026-06-20 05:00,63392.41,2026-06-20 08:00,,285.4640972905785,1,zona fibo abu; via pivot
2026-06-20 12:00,1025,WAVE_STARTED,bear,63907.07,2026-06-20 05:00,63392.41,2026-06-20 08:00,63798.76,2026-06-20 11:00,,285.4640972905785,1,C? tentatif
2026-06-20 14:00,1027,B_LINE_TRACKING,bear,64806.0,2026-06-18 01:00,63696.29,2026-06-18 05:00,64646.75,2026-06-18 08:00,,289.5094002148357,1,"level B aktif, dipantau"
2026-06-20 15:00,1028,WAVE_CANCELLED,bear,63907.07,2026-06-20 05:00,63392.41,2026-06-20 08:00,63798.76,2026-06-20 11:00,,337.81515734234745,1,
2026-06-20 15:00,1028,B_LINE_TRACKING,bull,62316.44,2026-06-19 09:00,63777.0,2026-06-20 00:00,63320.14,2026-06-20 03:00,,337.81515734234745,1,"level B aktif, dipantau"
2026-06-20 15:00,1028,CANDIDATE_FAILED,bear,64806.0,2026-06-18 01:00,63696.29,2026-06-18 05:00,64646.75,2026-06-18 08:00,,337.81515734234745,1,kandidat gugur ✖ (buffer ATR); boleh breakout ulang
2026-06-20 15:00,1028,CANDIDATE_FAILED,bear,66445.93,2026-06-17 16:00,63915.77,2026-06-17 22:00,64806.0,2026-06-18 01:00,,337.81515734234745,1,kandidat gugur ✖ (buffer ATR); boleh breakout ulang
2026-06-20 16:00,1029,B_LINE_TRACKING,bull,62316.44,2026-06-19 09:00,63907.07,2026-06-20 05:00,63392.41,2026-06-20 08:00,,353.11407467503693,1,"level B aktif, dipantau"
2026-06-20 16:00,1029,B_LINE_TRACKING,bull,62348.0,2026-06-11 17:00,63933.02,2026-06-11 19:00,63301.53,2026-06-12 01:00,,353.11407467503693,1,"level B aktif, dipantau"
2026-06-20 18:00,1031,WAVE_STARTED,bear,63907.07,2026-06-20 05:00,63184.21,2026-06-20 14:00,64388.0,2026-06-20 15:00,,344.2304011228635,1,C? tentatif
2026-06-20 18:00,1031,CANDIDATE_FAILED,bull,62316.44,2026-06-19 09:00,63907.07,2026-06-20 05:00,63392.41,2026-06-20 08:00,,344.2304011228635,1,kandidat gugur ✖ (buffer ATR); boleh breakout ulang
2026-06-20 18:00,1031,CANDIDATE_FAILED,bull,62348.0,2026-06-11 17:00,63933.02,2026-06-11 19:00,63301.53,2026-06-12 01:00,,344.2304011228635,1,kandidat gugur ✖ (buffer ATR); boleh breakout ulang
2026-06-20 18:00,1031,B_LINE_TRACKING,bear,66445.93,2026-06-17 16:00,63915.77,2026-06-17 22:00,64806.0,2026-06-18 01:00,,344.2304011228635,1,"level B aktif, dipantau"
2026-06-20 19:00,1032,WAVE_STARTED,bull,62316.44,2026-06-19 09:00,64388.0,2026-06-20 15:00,63730.21,2026-06-20 17:00,,329.6710867569448,1,C? tentatif
2026-06-20 19:00,1032,WAVE_STRUCT_REJECTED,bear,63907.07,2026-06-20 05:00,63184.21,2026-06-20 14:00,64388.0,2026-06-20 15:00,,329.6710867569448,1,
2026-06-20 19:00,1032,CANDIDATE_FAILED,bull,62316.44,2026-06-19 09:00,63777.0,2026-06-20 00:00,63320.14,2026-06-20 03:00,,329.6710867569448,1,kandidat gugur ✖ (buffer ATR); boleh breakout ulang
2026-06-20 20:00,1033,B_LINE_TRACKING,bull,62316.44,2026-06-19 09:00,63777.0,2026-06-20 00:00,63320.14,2026-06-20 03:00,,318.26600913144875,1,"level B aktif, dipantau"
2026-06-20 20:00,1033,CANDIDATE_FAILED,bear,66445.93,2026-06-17 16:00,63915.77,2026-06-17 22:00,64806.0,2026-06-18 01:00,,318.26600913144875,1,kandidat gugur ✖ (buffer ATR); boleh breakout ulang
2026-06-20 22:00,1035,B_LINE_TRACKING,bull,62316.44,2026-06-19 09:00,63907.07,2026-06-20 05:00,63392.41,2026-06-20 08:00,,295.3713037919125,1,"level B aktif, dipantau"
2026-06-20 22:00,1035,B_LINE_TRACKING,bull,62348.0,2026-06-11 17:00,63933.02,2026-06-11 19:00,63301.53,2026-06-12 01:00,,295.3713037919125,1,"level B aktif, dipantau"
2026-06-21 04:00,1041,C_LOCKED,bull,62316.44,2026-06-19 09:00,64388.0,2026-06-20 15:00,63730.21,2026-06-20 17:00,,245.42139319933403,1,zona fibo abu; via breakout
2026-06-21 04:00,1041,B_LINE_TRACKING,bull,62316.44,2026-06-19 09:00,64388.0,2026-06-20 15:00,63730.21,2026-06-20 17:00,,245.42139319933403,1,"level B aktif, dipantau"
2026-06-21 05:00,1042,CANDIDATE_FAILED,bull,62316.44,2026-06-19 09:00,64388.0,2026-06-20 15:00,63730.21,2026-06-20 17:00,,250.64486511366752,1,kandidat gugur ✖ (buffer ATR); boleh breakout ulang
2026-06-21 08:00,1045,WAVE_STARTED,bull,63184.21,2026-06-20 14:00,64588.0,2026-06-21 04:00,64173.08,2026-06-21 07:00,,226.82968609866157,1,C? tentatif
2026-06-21 12:00,1049,C_LOCKED,bull,63184.21,2026-06-20 14:00,64588.0,2026-06-21 04:00,63900.17,2026-06-21 08:00,,245.022075558722,1,zona fibo abu; via pivot
2026-06-21 12:00,1049,WAVE_STARTED,bear,64588.0,2026-06-21 04:00,63900.17,2026-06-21 08:00,64483.95,2026-06-21 11:00,,245.022075558722,1,C? tentatif
2026-06-21 15:00,1052,WAVE_STARTED,bull,63900.17,2026-06-21 08:00,64483.95,2026-06-21 11:00,63952.0,2026-06-21 12:00,,236.26845845572572,1,C? tentatif
2026-06-21 15:00,1052,C_LOCKED,bear,64588.0,2026-06-21 04:00,63900.17,2026-06-21 08:00,64483.95,2026-06-21 11:00,,236.26845845572572,1,zona fibo oranye; via pivot
2026-06-21 15:00,1052,CANDIDATE_EVICTED,bear,67516.0,2026-06-03 06:00,66656.48,2026-06-03 09:00,67476.69,2026-06-03 10:00,,236.26845845572572,1,
2026-06-21 16:00,1053,C_LOCKED,bull,63900.17,2026-06-21 08:00,64483.95,2026-06-21 11:00,63952.0,2026-06-21 12:00,,236.2407114231737,1,zona fibo oranye; via pivot
2026-06-21 16:00,1053,WAVE_STARTED,bear,64588.0,2026-06-21 04:00,63952.0,2026-06-21 12:00,64355.88,2026-06-21 15:00,,236.2407114231737,1,C? tentatif
2026-06-21 19:00,1056,WAVE_STARTED,bull,63900.17,2026-06-21 08:00,64355.88,2026-06-21 15:00,63933.47,2026-06-21 18:00,,233.2576614419506,1,C? tentatif
2026-06-21 19:00,1056,C_LOCKED,bear,64588.0,2026-06-21 04:00,63952.0,2026-06-21 12:00,64355.88,2026-06-21 15:00,,233.2576614419506,1,zona fibo hijau; via pivot
2026-06-21 19:00,1056,CANDIDATE_EVICTED,bear,67516.0,2026-06-03 06:00,62205.0,2026-06-04 11:00,64494.92,2026-06-04 14:00,,233.2576614419506,1,
2026-06-21 21:00,1058,WAVE_CANCELLED,bull,63900.17,2026-06-21 08:00,64355.88,2026-06-21 15:00,63933.47,2026-06-21 18:00,,250.55568767188547,1,
2026-06-21 21:00,1058,CANDIDATE_INVALIDATED,bull,63900.17,2026-06-21 08:00,64483.95,2026-06-21 11:00,63952.0,2026-06-21 12:00,,250.55568767188547,1,
2026-06-21 21:00,1058,CANDIDATE_FAILED,bull,62316.44,2026-06-19 09:00,63907.07,2026-06-20 05:00,63392.41,2026-06-20 08:00,,250.55568767188547,1,kandidat gugur ✖ (buffer ATR); boleh breakout ulang
2026-06-21 21:00,1058,CANDIDATE_FAILED,bull,62348.0,2026-06-11 17:00,63933.02,2026-06-11 19:00,63301.53,2026-06-12 01:00,,250.55568767188547,1,kandidat gugur ✖ (buffer ATR); boleh breakout ulang
2026-06-21 21:00,1058,B_LINE_TRACKING,bear,64588.0,2026-06-21 04:00,63952.0,2026-06-21 12:00,64355.88,2026-06-21 15:00,,250.55568767188547,1,"level B aktif, dipantau"
2026-06-21 21:00,1058,BREAK_HIDDEN_BY_TREND,bear,64588.0,2026-06-21 04:00,63952.0,2026-06-21 12:00,64355.88,2026-06-21 15:00,63.5,250.55568767188547,1,"mesin lihat break, chart sembunyikan (lawan trend ST)"
2026-06-21 21:00,1058,B_LINE_TRACKING,bear,64588.0,2026-06-21 04:00,63900.17,2026-06-21 08:00,64483.95,2026-06-21 11:00,,250.55568767188547,1,"level B aktif, dipantau"
2026-06-21 21:00,1058,B_LINE_TRACKING,bear,66445.93,2026-06-17 16:00,63915.77,2026-06-17 22:00,64806.0,2026-06-18 01:00,,250.55568767188547,1,"level B aktif, dipantau"
2026-06-21 22:00,1059,CANDIDATE_FAILED,bull,62316.44,2026-06-19 09:00,63777.0,2026-06-20 00:00,63320.14,2026-06-20 03:00,,265.48670998103626,1,kandidat gugur ✖ (buffer ATR); boleh breakout ulang
2026-06-21 23:00,1060,WAVE_STARTED,bull,63900.17,2026-06-21 08:00,64298.84,2026-06-21 19:00,63510.0,2026-06-21 21:00,,267.1633735538193,1,C? tentatif
2026-06-22 00:00,1061,WAVE_CANCELLED,bull,63900.17,2026-06-21 08:00,64298.84,2026-06-21 19:00,63510.0,2026-06-21 21:00,,286.0517040142607,-1,
2026-06-22 00:00,1061,CANDIDATE_FAILED,bull,62272.07,2026-06-18 17:00,63274.19,2026-06-18 20:00,62386.9,2026-06-19 03:00,,286.0517040142607,-1,kandidat gugur ✖ (buffer ATR); boleh breakout ulang
2026-06-22 00:00,1061,B_LINE_TRACKING,bear,64806.0,2026-06-18 01:00,63696.29,2026-06-18 05:00,64646.75,2026-06-18 08:00,,286.0517040142607,-1,"level B aktif, dipantau"
2026-06-22 01:00,1062,B_LINE_TRACKING,bull,62316.44,2026-06-19 09:00,63777.0,2026-06-20 00:00,63320.14,2026-06-20 03:00,,321.4772965846708,-1,"level B aktif, dipantau"
2026-06-22 01:00,1062,B_LINE_TRACKING,bull,62272.07,2026-06-18 17:00,63274.19,2026-06-18 20:00,62386.9,2026-06-19 03:00,,321.4772965846708,-1,"level B aktif, dipantau"
2026-06-22 01:00,1062,CANDIDATE_FAILED,bear,64588.0,2026-06-21 04:00,63900.17,2026-06-21 08:00,64483.95,2026-06-21 11:00,,321.4772965846708,-1,kandidat gugur ✖ (buffer ATR); boleh breakout ulang
2026-06-22 01:00,1062,CANDIDATE_FAILED,bear,64806.0,2026-06-18 01:00,63696.29,2026-06-18 05:00,64646.75,2026-06-18 08:00,,321.4772965846708,-1,kandidat gugur ✖ (buffer ATR); boleh breakout ulang
2026-06-22 01:00,1062,CANDIDATE_FAILED,bear,66445.93,2026-06-17 16:00,63915.77,2026-06-17 22:00,64806.0,2026-06-18 01:00,,321.4772965846708,-1,kandidat gugur ✖ (buffer ATR); boleh breakout ulang
2026-06-22 02:00,1063,B_LINE_TRACKING,bull,62316.44,2026-06-19 09:00,64388.0,2026-06-20 15:00,63730.21,2026-06-20 17:00,,367.99463254290816,1,"level B aktif, dipantau"
2026-06-22 02:00,1063,B_LINE_TRACKING,bull,62316.44,2026-06-19 09:00,63907.07,2026-06-20 05:00,63392.41,2026-06-20 08:00,,367.99463254290816,1,"level B aktif, dipantau"
2026-06-22 02:00,1063,B_LINE_TRACKING,bull,62348.0,2026-06-11 17:00,63933.02,2026-06-11 19:00,63301.53,2026-06-12 01:00,,367.99463254290816,1,"level B aktif, dipantau"
2026-06-22 02:00,1063,CANDIDATE_INVALIDATED,bear,64588.0,2026-06-21 04:00,63900.17,2026-06-21 08:00,64483.95,2026-06-21 11:00,,367.99463254290816,1,
2026-06-22 03:00,1064,WAVE_STARTED,bear,64483.95,2026-06-21 11:00,63270.0,2026-06-21 23:00,64823.52,2026-06-22 01:00,,371.2800159327003,1,C? tentatif
2026-06-22 03:00,1064,CANDIDATE_FAILED,bull,62316.44,2026-06-19 09:00,64388.0,2026-06-20 15:00,63730.21,2026-06-20 17:00,,371.2800159327003,1,kandidat gugur ✖ (buffer ATR); boleh breakout ulang
2026-06-22 04:00,1065,CANDIDATE_FAILED,bull,62348.0,2026-06-11 17:00,63933.02,2026-06-11 19:00,63301.53,2026-06-12 01:00,,385.0785862232216,1,kandidat gugur ✖ (buffer ATR); boleh breakout ulang
2026-06-22 05:00,1066,WAVE_STARTED,bull,63270.0,2026-06-21 23:00,64823.52,2026-06-22 01:00,63868.41,2026-06-22 04:00,,375.28940149299143,1,C? tentatif
2026-06-22 05:00,1066,WAVE_STRUCT_REJECTED,bear,64483.95,2026-06-21 11:00,63270.0,2026-06-21 23:00,64823.52,2026-06-22 01:00,,375.28940149299143,1,
2026-06-22 05:00,1066,B_LINE_TRACKING,bull,62348.0,2026-06-11 17:00,63933.02,2026-06-11 19:00,63301.53,2026-06-12 01:00,,375.28940149299143,1,"level B aktif, dipantau"
2026-06-22 12:00,1073,B_LINE_TRACKING,bull,63184.21,2026-06-20 14:00,64588.0,2026-06-21 04:00,63900.17,2026-06-21 08:00,,368.4065183943867,1,"level B aktif, dipantau"
2026-06-22 12:00,1073,B_LINE_TRACKING,bull,62316.44,2026-06-19 09:00,64388.0,2026-06-20 15:00,63730.21,2026-06-20 17:00,,368.4065183943867,1,"level B aktif, dipantau"
2026-06-22 13:00,1074,C_LOCKED,bull,63270.0,2026-06-21 23:00,64823.52,2026-06-22 01:00,63868.41,2026-06-22 04:00,,388.0467670805016,1,zona fibo hijau; via breakout
2026-06-22 13:00,1074,B_LINE_TRACKING,bull,63270.0,2026-06-21 23:00,64823.52,2026-06-22 01:00,63868.41,2026-06-22 04:00,,388.0467670805016,1,"level B aktif, dipantau"
2026-06-22 13:00,1074,BREAK,bull,63270.0,2026-06-21 23:00,64823.52,2026-06-22 01:00,63868.41,2026-06-22 04:00,61.5,388.0467670805016,1,ATR Str A1 A2 C2
2026-06-22 13:00,1074,CANDIDATE_INVALIDATED,bear,64806.0,2026-06-18 01:00,62316.44,2026-06-19 09:00,63419.27,2026-06-19 14:00,,388.0467670805016,1,
2026-06-22 13:00,1074,CANDIDATE_INVALIDATED,bear,64806.0,2026-06-18 01:00,62386.9,2026-06-19 03:00,62917.32,2026-06-19 07:00,,388.0467670805016,1,
2026-06-22 13:00,1074,CANDIDATE_INVALIDATED,bear,64806.0,2026-06-18 01:00,62272.07,2026-06-18 17:00,63274.19,2026-06-18 20:00,,388.0467670805016,1,
2026-06-22 13:00,1074,CANDIDATE_INVALIDATED,bear,64806.0,2026-06-18 01:00,63696.29,2026-06-18 05:00,64646.75,2026-06-18 08:00,,388.0467670805016,1,
2026-06-22 14:00,1075,CANDIDATE_FAILED,bear,66992.0,2026-06-16 08:00,65560.0,2026-06-16 19:00,66200.0,2026-06-17 02:00,,406.34556943189403,1,kandidat gugur ✖ (buffer ATR); boleh breakout ulang
2026-06-22 15:00,1076,B_LINE_TRACKING,bear,66992.0,2026-06-16 08:00,65560.0,2026-06-16 19:00,66200.0,2026-06-17 02:00,,433.59445732961603,1,"level B aktif, dipantau"
2026-06-22 18:00,1079,WAVE_STARTED,bull,63270.0,2026-06-21 23:00,65622.83,2026-06-22 14:00,64388.16,2026-06-22 17:00,,421.1341664552355,1,C? tentatif
2026-06-22 18:00,1079,CANDIDATE_FAILED,bull,63184.21,2026-06-20 14:00,64588.0,2026-06-21 04:00,63900.17,2026-06-21 08:00,,421.1341664552355,1,kandidat gugur ✖ (buffer ATR); boleh breakout ulang
2026-06-22 19:00,1080,CANDIDATE_FAILED,bull,62316.44,2026-06-19 09:00,64388.0,2026-06-20 15:00,63730.21,2026-06-20 17:00,,420.9924402798616,1,kandidat gugur ✖ (buffer ATR); boleh breakout ulang
2026-06-22 20:00,1081,B_LINE_TRACKING,bull,62316.44,2026-06-19 09:00,64388.0,2026-06-20 15:00,63730.21,2026-06-20 17:00,,406.8701231170143,1,"level B aktif, dipantau"
2026-06-22 21:00,1082,CANDIDATE_FAILED,bull,62316.44,2026-06-19 09:00,64388.0,2026-06-20 15:00,63730.21,2026-06-20 17:00,,399.4136857515135,1,kandidat gugur ✖ (buffer ATR); boleh breakout ulang
2026-06-22 23:00,1084,CANDIDATE_FAILED,bull,62348.0,2026-06-11 17:00,63933.02,2026-06-11 19:00,63301.53,2026-06-12 01:00,,409.5912392449276,1,kandidat gugur ✖ (buffer ATR); boleh breakout ulang
2026-06-23 00:00,1085,B_LINE_TRACKING,bull,62348.0,2026-06-11 17:00,63933.02,2026-06-11 19:00,63301.53,2026-06-12 01:00,,392.88615072743283,1,"level B aktif, dipantau"
2026-06-23 02:00,1087,C_LOCKED,bull,63270.0,2026-06-21 23:00,65622.83,2026-06-22 14:00,63804.59,2026-06-22 22:00,,387.9824973108981,1,zona fibo hijau; via pivot
2026-06-23 02:00,1087,WAVE_STARTED,bear,65622.83,2026-06-22 14:00,63804.59,2026-06-22 22:00,64273.09,2026-06-23 01:00,,387.9824973108981,1,C? tentatif
2026-06-23 05:00,1090,C_LOCKED,bear,65622.83,2026-06-22 14:00,63804.59,2026-06-22 22:00,64275.38,2026-06-23 02:00,,375.1343792245056,-1,zona fibo abu; via breakout
2026-06-23 05:00,1090,CANDIDATE_FAILED,bull,62316.44,2026-06-19 09:00,63907.07,2026-06-20 05:00,63392.41,2026-06-20 08:00,,375.1343792245056,-1,kandidat gugur ✖ (buffer ATR); boleh breakout ulang
2026-06-23 05:00,1090,CANDIDATE_FAILED,bull,62316.44,2026-06-19 09:00,63777.0,2026-06-20 00:00,63320.14,2026-06-20 03:00,,375.1343792245056,-1,kandidat gugur ✖ (buffer ATR); boleh breakout ulang
2026-06-23 05:00,1090,CANDIDATE_FAILED,bull,62348.0,2026-06-11 17:00,63933.02,2026-06-11 19:00,63301.53,2026-06-12 01:00,,375.1343792245056,-1,kandidat gugur ✖ (buffer ATR); boleh breakout ulang
2026-06-23 05:00,1090,B_LINE_TRACKING,bear,65622.83,2026-06-22 14:00,63804.59,2026-06-22 22:00,64275.38,2026-06-23 02:00,,375.1343792245056,-1,"level B aktif, dipantau"
2026-06-23 05:00,1090,B_LINE_TRACKING,bear,66445.93,2026-06-17 16:00,63915.77,2026-06-17 22:00,64806.0,2026-06-18 01:00,,375.1343792245056,-1,"level B aktif, dipantau"
2026-06-23 06:00,1091,WAVE_STARTED,bull,63804.59,2026-06-22 22:00,64275.38,2026-06-23 02:00,63342.34,2026-06-23 05:00,,375.8862092798983,-1,C? tentatif
2026-06-23 07:00,1092,WAVE_CANCELLED,bull,63804.59,2026-06-22 22:00,64275.38,2026-06-23 02:00,63342.34,2026-06-23 05:00,,408.40148004561973,-1,
2026-06-23 07:00,1092,CANDIDATE_INVALIDATED,bull,63270.0,2026-06-21 23:00,65622.83,2026-06-22 14:00,63804.59,2026-06-22 22:00,,408.40148004561973,-1,
2026-06-23 07:00,1092,CANDIDATE_INVALIDATED,bull,63184.21,2026-06-20 14:00,64588.0,2026-06-21 04:00,63900.17,2026-06-21 08:00,,408.40148004561973,-1,
2026-06-23 07:00,1092,CANDIDATE_FAILED,bull,62272.07,2026-06-18 17:00,63274.19,2026-06-18 20:00,62386.9,2026-06-19 03:00,,408.40148004561973,-1,kandidat gugur ✖ (buffer ATR); boleh breakout ulang
2026-06-23 07:00,1092,CANDIDATE_FAILED,bull,61104.24,2026-06-10 22:00,63257.21,2026-06-11 11:00,62500.0,2026-06-11 12:00,,408.40148004561973,-1,kandidat gugur ✖ (buffer ATR); boleh breakout ulang
2026-06-23 11:00,1096,CANDIDATE_INVALIDATED,bull,62348.0,2026-06-11 17:00,63933.02,2026-06-11 19:00,63301.53,2026-06-12 01:00,,414.3965605888938,-1,
2026-06-23 12:00,1097,WAVE_STARTED,bear,65622.83,2026-06-22 14:00,61938.0,2026-06-23 08:00,62643.99,2026-06-23 11:00,,407.36752054682984,-1,C? tentatif
2026-06-23 13:00,1098,CANDIDATE_INVALIDATED,bull,62316.44,2026-06-19 09:00,64388.0,2026-06-20 15:00,63730.21,2026-06-20 17:00,,404.59698336491357,-1,
2026-06-23 13:00,1098,CANDIDATE_INVALIDATED,bull,62316.44,2026-06-19 09:00,63907.07,2026-06-20 05:00,63392.41,2026-06-20 08:00,,404.59698336491357,-1,
2026-06-23 13:00,1098,CANDIDATE_INVALIDATED,bull,62316.44,2026-06-19 09:00,63777.0,2026-06-20 00:00,63320.14,2026-06-20 03:00,,404.59698336491357,-1,
2026-06-23 13:00,1098,CANDIDATE_INVALIDATED,bull,62272.07,2026-06-18 17:00,63274.19,2026-06-18 20:00,62386.9,2026-06-19 03:00,,404.59698336491357,-1,
2026-06-23 18:00,1103,WAVE_STARTED,bull,61938.0,2026-06-23 08:00,62855.98,2026-06-23 14:00,62198.0,2026-06-23 15:00,,408.6959554138697,-1,C? tentatif
2026-06-23 18:00,1103,C_LOCKED,bear,65622.83,2026-06-22 14:00,61938.0,2026-06-23 08:00,62855.98,2026-06-23 14:00,,408.6959554138697,-1,zona fibo abu; via pivot
2026-06-23 22:00,1107,C_LOCKED,bull,61938.0,2026-06-23 08:00,62855.98,2026-06-23 14:00,62104.7,2026-06-23 18:00,,362.1841871245194,-1,zona fibo oranye; via pivot
2026-06-23 22:00,1107,WAVE_STARTED,bear,62855.98,2026-06-23 14:00,62104.7,2026-06-23 18:00,62658.93,2026-06-23 21:00,,362.1841871245194,-1,C? tentatif
2026-06-24 01:00,1110,WAVE_CANCELLED,bear,62855.98,2026-06-23 14:00,62104.7,2026-06-23 18:00,62799.99,2026-06-23 23:00,,347.60896469116943,-1,
2026-06-24 01:00,1110,B_LINE_TRACKING,bull,61938.0,2026-06-23 08:00,62855.98,2026-06-23 14:00,62104.7,2026-06-23 18:00,,347.60896469116943,-1,"level B aktif, dipantau"
2026-06-24 03:00,1112,CANDIDATE_FAILED,bull,61938.0,2026-06-23 08:00,62855.98,2026-06-23 14:00,62104.7,2026-06-23 18:00,,351.8328318000391,-1,kandidat gugur ✖ (buffer ATR); boleh breakout ulang
2026-06-24 05:00,1114,WAVE_STARTED,bull,61938.0,2026-06-23 08:00,63119.45,2026-06-24 01:00,62461.87,2026-06-24 03:00,,347.3635641541155,-1,C? tentatif
2026-06-24 07:00,1116,C_LOCKED,bull,61938.0,2026-06-23 08:00,63119.45,2026-06-24 01:00,62461.87,2026-06-24 03:00,,336.8299099083957,-1,zona fibo hijau; via pivot
2026-06-24 07:00,1116,WAVE_STARTED,bear,63119.45,2026-06-24 01:00,62461.87,2026-06-24 03:00,63073.44,2026-06-24 05:00,,336.8299099083957,-1,C? tentatif
2026-06-24 09:00,1118,WAVE_STARTED,bull,62461.87,2026-06-24 03:00,63073.44,2026-06-24 05:00,62605.28,2026-06-24 08:00,,320.38441211489214,-1,C? tentatif
2026-06-24 09:00,1118,C_LOCKED,bear,63119.45,2026-06-24 01:00,62461.87,2026-06-24 03:00,63073.44,2026-06-24 05:00,,320.38441211489214,-1,zona fibo oranye; via pivot
2026-06-24 11:00,1120,WAVE_CANCELLED,bull,62461.87,2026-06-24 03:00,63073.44,2026-06-24 05:00,62605.28,2026-06-24 08:00,,306.3171206500852,-1,
2026-06-24 12:00,1121,B_LINE_TRACKING,bull,61938.0,2026-06-23 08:00,62855.98,2026-06-23 14:00,62104.7,2026-06-23 18:00,,350.1644691750792,-1,"level B aktif, dipantau"
2026-06-24 13:00,1122,CANDIDATE_FAILED,bull,61938.0,2026-06-23 08:00,62855.98,2026-06-23 14:00,62104.7,2026-06-23 18:00,,352.86700709114496,-1,kandidat gugur ✖ (buffer ATR); boleh breakout ulang
2026-06-24 14:00,1123,CANDIDATE_INVALIDATED,bull,61938.0,2026-06-23 08:00,63119.45,2026-06-24 01:00,62461.87,2026-06-24 03:00,,425.73436372749194,-1,
2026-06-24 14:00,1123,CANDIDATE_INVALIDATED,bull,61938.0,2026-06-23 08:00,62855.98,2026-06-23 14:00,62104.7,2026-06-23 18:00,,425.73436372749194,-1,
2026-06-24 14:00,1123,B_LINE_TRACKING,bear,63119.45,2026-06-24 01:00,62461.87,2026-06-24 03:00,63073.44,2026-06-24 05:00,,425.73436372749194,-1,"level B aktif, dipantau"
2026-06-24 14:00,1123,B_LINE_TRACKING,bear,65622.83,2026-06-22 14:00,61938.0,2026-06-23 08:00,62855.98,2026-06-23 14:00,,425.73436372749194,-1,"level B aktif, dipantau"
2026-06-24 15:00,1124,WAVE_STARTED,bull,62461.87,2026-06-24 03:00,63239.06,2026-06-24 11:00,60888.0,2026-06-24 14:00,,435.89619488981396,-1,C? tentatif
2026-06-24 16:00,1125,WAVE_CANCELLED,bull,62461.87,2026-06-24 03:00,63239.06,2026-06-24 11:00,60888.0,2026-06-24 14:00,,469.06860954054133,-1,
2026-06-24 16:00,1125,CANDIDATE_INVALIDATED,bull,61104.24,2026-06-10 22:00,63257.21,2026-06-11 11:00,62500.0,2026-06-11 12:00,,469.06860954054133,-1,
2026-06-24 21:00,1130,WAVE_STARTED,bear,63239.06,2026-06-24 11:00,59102.7,2026-06-24 17:00,61208.48,2026-06-24 20:00,,600.5520903904186,-1,C? tentatif
2026-06-25 02:00,1135,WAVE_STARTED,bull,59102.7,2026-06-24 17:00,61276.0,2026-06-24 22:00,60720.23,2026-06-25 01:00,,532.5371568716338,-1,C? tentatif
2026-06-25 02:00,1135,C_LOCKED,bear,63239.06,2026-06-24 11:00,59102.7,2026-06-24 17:00,61276.0,2026-06-24 22:00,,532.5371568716338,-1,zona fibo hijau; via pivot
2026-06-25 05:00,1138,C_LOCKED,bull,59102.7,2026-06-24 17:00,61276.0,2026-06-24 22:00,60684.94,2026-06-25 03:00,,501.87318646026904,-1,zona fibo abu; via breakout
2026-06-25 05:00,1138,B_LINE_TRACKING,bull,59102.7,2026-06-24 17:00,61276.0,2026-06-24 22:00,60684.94,2026-06-25 03:00,,501.87318646026904,-1,"level B aktif, dipantau"
2026-06-25 07:00,1140,WAVE_STARTED,bear,61276.0,2026-06-24 22:00,60684.94,2026-06-25 03:00,61869.02,2026-06-25 06:00,,486.9093291417622,1,C? tentatif
2026-06-25 08:00,1141,WAVE_CANCELLED,bear,61276.0,2026-06-24 22:00,60684.94,2026-06-25 03:00,61869.02,2026-06-25 06:00,,473.01580563163645,1,
2026-06-25 08:00,1141,CANDIDATE_FAILED,bear,65622.83,2026-06-22 14:00,61938.0,2026-06-23 08:00,62855.98,2026-06-23 14:00,,473.01580563163645,1,kandidat gugur ✖ (buffer ATR); boleh breakout ulang
2026-06-25 09:00,1142,B_LINE_TRACKING,bear,65622.83,2026-06-22 14:00,61938.0,2026-06-23 08:00,62855.98,2026-06-23 14:00,,456.02396237223365,1,"level B aktif, dipantau"
2026-06-25 11:00,1144,WAVE_STARTED,bull,60684.94,2026-06-25 03:00,61962.4,2026-06-25 07:00,61257.79,2026-06-25 10:00,,440.22351857605855,1,C? tentatif
2026-06-25 11:00,1144,CANDIDATE_FAILED,bull,59102.7,2026-06-24 17:00,61276.0,2026-06-24 22:00,60684.94,2026-06-25 03:00,,440.22351857605855,1,kandidat gugur ✖ (buffer ATR); boleh breakout ulang
2026-06-25 14:00,1147,WAVE_CANCELLED,bull,60684.94,2026-06-25 03:00,61962.4,2026-06-25 07:00,61066.0,2026-06-25 11:00,,652.0575693555392,-1,
2026-06-25 14:00,1147,CANDIDATE_INVALIDATED,bull,59102.7,2026-06-24 17:00,61276.0,2026-06-24 22:00,60684.94,2026-06-25 03:00,,652.0575693555392,-1,
2026-06-25 14:00,1147,B_LINE_TRACKING,bear,63239.06,2026-06-24 11:00,59102.7,2026-06-24 17:00,61276.0,2026-06-24 22:00,,652.0575693555392,-1,"level B aktif, dipantau"
2026-06-25 14:00,1147,BREAK,bear,63239.06,2026-06-24 11:00,59102.7,2026-06-24 17:00,61276.0,2026-06-24 22:00,52.5,652.0575693555392,-1,ATR Str A1 A2 C2
2026-06-25 17:00,1150,WAVE_STARTED,bear,61962.4,2026-06-25 07:00,58115.01,2026-06-25 13:00,60485.51,2026-06-25 14:00,,774.0390961640384,-1,C? tentatif
2026-06-26 01:00,1158,WAVE_STARTED,bull,58115.01,2026-06-25 13:00,60273.81,2026-06-25 21:00,59642.77,2026-06-26 00:00,,637.4460852627029,-1,C? tentatif
2026-06-26 01:00,1158,C_LOCKED,bear,61962.4,2026-06-25 07:00,58115.01,2026-06-25 13:00,60273.81,2026-06-25 21:00,,637.4460852627029,-1,zona fibo hijau; via pivot
2026-06-26 07:00,1164,C_LOCKED,bull,58115.01,2026-06-25 13:00,60273.81,2026-06-25 21:00,58337.0,2026-06-26 03:00,,696.7687111092616,-1,zona fibo oranye; via pivot
2026-06-26 07:00,1164,WAVE_STARTED,bear,60273.81,2026-06-25 21:00,58337.0,2026-06-26 03:00,60459.55,2026-06-26 06:00,,696.7687111092616,-1,C? tentatif
2026-06-26 08:00,1165,WAVE_CANCELLED,bear,60273.81,2026-06-25 21:00,58337.0,2026-06-26 03:00,60459.55,2026-06-26 06:00,,681.0645174585998,-1,
2026-06-26 08:00,1165,B_LINE_TRACKING,bull,58115.01,2026-06-25 13:00,60273.81,2026-06-25 21:00,58337.0,2026-06-26 03:00,,681.0645174585998,-1,"level B aktif, dipantau"
2026-06-26 09:00,1166,CANDIDATE_FAILED,bull,58115.01,2026-06-25 13:00,60273.81,2026-06-25 21:00,58337.0,2026-06-26 03:00,,663.0913376401285,-1,kandidat gugur ✖ (buffer ATR); boleh breakout ulang
2026-06-26 11:00,1168,WAVE_STARTED,bull,58337.0,2026-06-26 03:00,60759.99,2026-06-26 07:00,59239.78,2026-06-26 10:00,,660.8115105162334,-1,C? tentatif
2026-06-26 17:00,1174,C_LOCKED,bull,58337.0,2026-06-26 03:00,60759.99,2026-06-26 07:00,58500.1,2026-06-26 13:00,,753.27786355804,-1,zona fibo oranye; via pivot
2026-06-26 17:00,1174,WAVE_STARTED,bear,60759.99,2026-06-26 07:00,58500.1,2026-06-26 13:00,60583.0,2026-06-26 16:00,,753.27786355804,-1,C? tentatif
2026-06-26 20:00,1177,WAVE_STARTED,bull,58500.1,2026-06-26 13:00,60583.0,2026-06-26 16:00,59556.0,2026-06-26 18:00,,698.0634279289409,-1,C? tentatif
2026-06-26 20:00,1177,C_LOCKED,bear,60759.99,2026-06-26 07:00,58500.1,2026-06-26 13:00,60583.0,2026-06-26 16:00,,698.0634279289409,-1,zona fibo oranye; via pivot
2026-06-26 22:00,1179,C_LOCKED,bull,58500.1,2026-06-26 13:00,60583.0,2026-06-26 16:00,59556.0,2026-06-26 18:00,,656.5086189795462,-1,zona fibo abu; via pivot
2026-06-26 22:00,1179,WAVE_STARTED,bear,60583.0,2026-06-26 16:00,59556.0,2026-06-26 18:00,60098.0,2026-06-26 19:00,,656.5086189795462,-1,C? tentatif
2026-06-27 07:00,1188,B_LINE_TRACKING,bull,58115.01,2026-06-25 13:00,60273.81,2026-06-25 21:00,58337.0,2026-06-26 03:00,,474.91121597753744,-1,"level B aktif, dipantau"
2026-06-27 11:00,1192,WAVE_STARTED,bull,58500.1,2026-06-26 13:00,60574.0,2026-06-27 07:00,60289.55,2026-06-27 09:00,,402.0777519662229,-1,C? tentatif
2026-06-27 11:00,1192,C_LOCKED,bear,60583.0,2026-06-26 16:00,59556.0,2026-06-26 18:00,60574.0,2026-06-27 07:00,,402.0777519662229,-1,zona fibo oranye; via pivot
2026-06-27 14:00,1195,C_LOCKED,bull,58500.1,2026-06-26 13:00,60574.0,2026-06-27 07:00,60198.94,2026-06-27 11:00,,368.1361374161049,-1,zona fibo abu; via breakout
2026-06-27 14:00,1195,CANDIDATE_INVALIDATED,bear,60583.0,2026-06-26 16:00,59556.0,2026-06-26 18:00,60574.0,2026-06-27 07:00,,368.1361374161049,-1,
2026-06-27 15:00,1196,WAVE_STARTED,bear,60574.0,2026-06-27 07:00,60198.94,2026-06-27 11:00,60728.0,2026-06-27 14:00,,357.41212760066884,-1,C? tentatif
2026-06-27 16:00,1197,WAVE_CANCELLED,bear,60574.0,2026-06-27 07:00,60198.94,2026-06-27 11:00,60728.0,2026-06-27 14:00,,358.39483277204954,-1,
2026-06-27 16:00,1197,B_LINE_TRACKING,bull,58500.1,2026-06-26 13:00,60574.0,2026-06-27 07:00,60198.94,2026-06-27 11:00,,358.39483277204954,-1,"level B aktif, dipantau"
2026-06-27 16:00,1197,B_LINE_TRACKING,bull,58500.1,2026-06-26 13:00,60583.0,2026-06-26 16:00,59556.0,2026-06-26 18:00,,358.39483277204954,-1,"level B aktif, dipantau"
2026-06-27 16:00,1197,B_LINE_TRACKING,bull,58337.0,2026-06-26 03:00,60759.99,2026-06-26 07:00,58500.1,2026-06-26 13:00,,358.39483277204954,-1,"level B aktif, dipantau"
2026-06-27 16:00,1197,CANDIDATE_INVALIDATED,bear,60759.99,2026-06-26 07:00,58500.1,2026-06-26 13:00,60583.0,2026-06-26 16:00,,358.39483277204954,-1,
2026-06-27 17:00,1198,CANDIDATE_FAILED,bull,58337.0,2026-06-26 03:00,60759.99,2026-06-26 07:00,58500.1,2026-06-26 13:00,,345.75163043118886,-1,kandidat gugur ✖ (buffer ATR); boleh breakout ulang
2026-06-27 18:00,1199,CANDIDATE_FAILED,bull,58500.1,2026-06-26 13:00,60574.0,2026-06-27 07:00,60198.94,2026-06-27 11:00,,350.02722825753256,-1,kandidat gugur ✖ (buffer ATR); boleh breakout ulang
2026-06-27 18:00,1199,CANDIDATE_FAILED,bull,58500.1,2026-06-26 13:00,60583.0,2026-06-26 16:00,59556.0,2026-06-26 18:00,,350.02722825753256,-1,kandidat gugur ✖ (buffer ATR); boleh breakout ulang
2026-06-27 19:00,1200,WAVE_STARTED,bull,58500.1,2026-06-26 13:00,60941.17,2026-06-27 15:00,60413.15,2026-06-27 17:00,,334.29528338199447,-1,C? tentatif
2026-06-27 20:00,1201,CANDIDATE_FAILED,bull,58115.01,2026-06-25 13:00,60273.81,2026-06-25 21:00,58337.0,2026-06-26 03:00,,347.5263345689953,-1,kandidat gugur ✖ (buffer ATR); boleh breakout ulang
2026-06-28 02:00,1207,C_LOCKED,bull,58500.1,2026-06-26 13:00,60941.17,2026-06-27 15:00,59855.16,2026-06-27 22:00,,324.95788499645056,-1,zona fibo abu; via pivot
2026-06-28 02:00,1207,WAVE_STARTED,bear,60941.17,2026-06-27 15:00,59855.16,2026-06-27 22:00,60320.0,2026-06-27 23:00,,324.95788499645056,-1,C? tentatif
2026-06-28 06:00,1211,WAVE_STARTED,bull,59855.16,2026-06-27 22:00,60339.99,2026-06-28 02:00,59753.48,2026-06-28 05:00,,302.7674740572579,-1,C? tentatif
2026-06-28 06:00,1211,C_LOCKED,bear,60941.17,2026-06-27 15:00,59855.16,2026-06-27 22:00,60339.99,2026-06-28 02:00,,302.7674740572579,-1,zona fibo abu; via pivot
2026-06-28 09:00,1214,WAVE_STRUCT_REJECTED,bull,59855.16,2026-06-27 22:00,60339.99,2026-06-28 02:00,59753.48,2026-06-28 05:00,,302.2282873556109,-1,
2026-06-28 09:00,1214,WAVE_STARTED,bear,60941.17,2026-06-27 15:00,59753.48,2026-06-28 05:00,60545.01,2026-06-28 08:00,,302.2282873556109,-1,C? tentatif
2026-06-28 09:00,1214,B_LINE_TRACKING,bull,58115.01,2026-06-25 13:00,60273.81,2026-06-25 21:00,58337.0,2026-06-26 03:00,,302.2282873556109,-1,"level B aktif, dipantau"
2026-06-28 10:00,1215,CANDIDATE_FAILED,bull,58115.01,2026-06-25 13:00,60273.81,2026-06-25 21:00,58337.0,2026-06-26 03:00,,295.72555254449605,-1,kandidat gugur ✖ (buffer ATR); boleh breakout ulang
2026-06-28 12:00,1217,WAVE_STARTED,bull,59753.48,2026-06-28 05:00,60545.01,2026-06-28 08:00,60068.0,2026-06-28 10:00,,289.4518284694894,-1,C? tentatif
2026-06-28 12:00,1217,C_LOCKED,bear,60941.17,2026-06-27 15:00,59753.48,2026-06-28 05:00,60545.01,2026-06-28 08:00,,289.4518284694894,-1,zona fibo hijau; via pivot
2026-06-28 12:00,1217,B_LINE_TRACKING,bull,58115.01,2026-06-25 13:00,60273.81,2026-06-25 21:00,58337.0,2026-06-26 03:00,,289.4518284694894,-1,"level B aktif, dipantau"
2026-06-28 13:00,1218,CANDIDATE_FAILED,bull,58115.01,2026-06-25 13:00,60273.81,2026-06-25 21:00,58337.0,2026-06-26 03:00,,287.8495550073828,-1,kandidat gugur ✖ (buffer ATR); boleh breakout ulang
2026-06-28 17:00,1222,WAVE_CANCELLED,bull,59753.48,2026-06-28 05:00,60545.01,2026-06-28 08:00,59817.28,2026-06-28 15:00,,293.71499871318923,-1,
2026-06-28 17:00,1222,B_LINE_TRACKING,bear,60941.17,2026-06-27 15:00,59753.48,2026-06-28 05:00,60545.01,2026-06-28 08:00,,293.71499871318923,-1,"level B aktif, dipantau"
2026-06-28 17:00,1222,BREAK,bear,60941.17,2026-06-27 15:00,59753.48,2026-06-28 05:00,60545.01,2026-06-28 08:00,66.6,293.71499871318923,-1,ATR Str A1 A2 C2
2026-06-28 17:00,1222,B_LINE_TRACKING,bear,60941.17,2026-06-27 15:00,59855.16,2026-06-27 22:00,60339.99,2026-06-28 02:00,,293.71499871318923,-1,"level B aktif, dipantau"
2026-06-29 02:00,1231,WAVE_STARTED,bull,59753.48,2026-06-28 05:00,59906.0,2026-06-28 22:00,59000.01,2026-06-29 00:00,,424.78361800641596,-1,C? tentatif
2026-06-29 02:00,1231,WAVE_STARTED,bear,60545.01,2026-06-28 08:00,58905.0,2026-06-28 22:00,59848.0,2026-06-28 23:00,,424.78361800641596,-1,C? tentatif
2026-06-29 04:00,1233,WAVE_STRUCT_REJECTED,bull,59753.48,2026-06-28 05:00,59906.0,2026-06-28 22:00,58900.01,2026-06-29 02:00,,460.723782872879,-1,
2026-06-29 04:00,1233,CANDIDATE_FAILED,bear,60941.17,2026-06-27 15:00,59855.16,2026-06-27 22:00,60339.99,2026-06-28 02:00,,460.723782872879,-1,kandidat gugur ✖ (buffer ATR); boleh breakout ulang
2026-06-29 10:00,1239,WAVE_STARTED,bull,58900.01,2026-06-29 02:00,60346.27,2026-06-29 06:00,59745.46,2026-06-29 08:00,,426.9888378134933,-1,C? tentatif
2026-06-29 10:00,1239,C_LOCKED,bear,60545.01,2026-06-28 08:00,58905.0,2026-06-28 22:00,60346.27,2026-06-29 06:00,,426.9888378134933,-1,zona fibo oranye; via pivot
2026-06-29 14:00,1243,B_LINE_TRACKING,bear,60941.17,2026-06-27 15:00,59855.16,2026-06-27 22:00,60339.99,2026-06-28 02:00,,509.39329333588046,-1,"level B aktif, dipantau"
2026-06-29 16:00,1245,CANDIDATE_FAILED,bear,60941.17,2026-06-27 15:00,59855.16,2026-06-27 22:00,60339.99,2026-06-28 02:00,,546.5215131314477,-1,kandidat gugur ✖ (buffer ATR); boleh breakout ulang
2026-06-29 18:00,1247,C_LOCKED,bull,58900.01,2026-06-29 02:00,60346.27,2026-06-29 06:00,59011.0,2026-06-29 14:00,,557.3451822408907,1,zona fibo oranye; via pivot
2026-06-29 18:00,1247,WAVE_STARTED,bear,60780.57,2026-06-29 12:00,59011.0,2026-06-29 14:00,60683.84,2026-06-29 17:00,,557.3451822408907,1,C? tentatif
2026-06-29 18:00,1247,B_LINE_TRACKING,bull,58115.01,2026-06-25 13:00,60273.81,2026-06-25 21:00,58337.0,2026-06-26 03:00,,557.3451822408907,1,"level B aktif, dipantau"
2026-06-29 19:00,1248,CANDIDATE_FAILED,bull,58115.01,2026-06-25 13:00,60273.81,2026-06-25 21:00,58337.0,2026-06-26 03:00,,540.829812080827,1,kandidat gugur ✖ (buffer ATR); boleh breakout ulang
2026-06-29 20:00,1249,B_LINE_TRACKING,bull,58900.01,2026-06-29 02:00,60346.27,2026-06-29 06:00,59011.0,2026-06-29 14:00,,531.066968360768,1,"level B aktif, dipantau"
2026-06-29 20:00,1249,B_LINE_TRACKING,bull,58115.01,2026-06-25 13:00,60273.81,2026-06-25 21:00,58337.0,2026-06-26 03:00,,531.066968360768,1,"level B aktif, dipantau"
2026-06-29 21:00,1250,WAVE_STARTED,bull,59011.0,2026-06-29 14:00,60683.84,2026-06-29 17:00,60153.35,2026-06-29 19:00,,511.5436134778559,1,C? tentatif
2026-06-29 21:00,1250,C_LOCKED,bear,60780.57,2026-06-29 12:00,59011.0,2026-06-29 14:00,60683.84,2026-06-29 17:00,,511.5436134778559,1,zona fibo oranye; via pivot
2026-06-29 21:00,1250,CANDIDATE_EVICTED,bear,66992.0,2026-06-16 08:00,65560.0,2026-06-16 19:00,66200.0,2026-06-17 02:00,,511.5436134778559,1,
2026-06-29 21:00,1250,CANDIDATE_FAILED,bull,58900.01,2026-06-29 02:00,60346.27,2026-06-29 06:00,59011.0,2026-06-29 14:00,,511.5436134778559,1,kandidat gugur ✖ (buffer ATR); boleh breakout ulang
2026-06-29 21:00,1250,CANDIDATE_FAILED,bull,58115.01,2026-06-25 13:00,60273.81,2026-06-25 21:00,58337.0,2026-06-26 03:00,,511.5436134778559,1,kandidat gugur ✖ (buffer ATR); boleh breakout ulang
2026-06-29 22:00,1251,B_LINE_TRACKING,bull,58900.01,2026-06-29 02:00,60346.27,2026-06-29 06:00,59011.0,2026-06-29 14:00,,498.1547839437232,1,"level B aktif, dipantau"
2026-06-29 22:00,1251,B_LINE_TRACKING,bull,58115.01,2026-06-25 13:00,60273.81,2026-06-25 21:00,58337.0,2026-06-26 03:00,,498.1547839437232,1,"level B aktif, dipantau"
2026-06-29 23:00,1252,CANDIDATE_FAILED,bull,58900.01,2026-06-29 02:00,60346.27,2026-06-29 06:00,59011.0,2026-06-29 14:00,,474.4294422334573,1,kandidat gugur ✖ (buffer ATR); boleh breakout ulang
2026-06-30 00:00,1253,CANDIDATE_FAILED,bull,58115.01,2026-06-25 13:00,60273.81,2026-06-25 21:00,58337.0,2026-06-26 03:00,,453.77162493106755,1,kandidat gugur ✖ (buffer ATR); boleh breakout ulang
2026-06-30 04:00,1257,B_LINE_TRACKING,bear,60941.17,2026-06-27 15:00,59855.16,2026-06-27 22:00,60339.99,2026-06-28 02:00,,437.3673563009223,1,"level B aktif, dipantau"
2026-06-30 13:00,1266,WAVE_CANCELLED,bull,59011.0,2026-06-29 14:00,60683.84,2026-06-29 17:00,59123.01,2026-06-30 11:00,,378.7115653212898,-1,
2026-06-30 13:00,1266,CANDIDATE_INVALIDATED,bull,58900.01,2026-06-29 02:00,60346.27,2026-06-29 06:00,59011.0,2026-06-29 14:00,,378.7115653212898,-1,
2026-06-30 13:00,1266,CANDIDATE_INVALIDATED,bull,58500.1,2026-06-26 13:00,60941.17,2026-06-27 15:00,59855.16,2026-06-27 22:00,,378.7115653212898,-1,
2026-06-30 13:00,1266,CANDIDATE_INVALIDATED,bull,58500.1,2026-06-26 13:00,60574.0,2026-06-27 07:00,60198.94,2026-06-27 11:00,,378.7115653212898,-1,
2026-06-30 13:00,1266,CANDIDATE_INVALIDATED,bull,58500.1,2026-06-26 13:00,60583.0,2026-06-26 16:00,59556.0,2026-06-26 18:00,,378.7115653212898,-1,
2026-06-30 13:00,1266,B_LINE_TRACKING,bear,60780.57,2026-06-29 12:00,59011.0,2026-06-29 14:00,60683.84,2026-06-29 17:00,,378.7115653212898,-1,"level B aktif, dipantau"
2026-06-30 13:00,1266,B_LINE_TRACKING,bear,60545.01,2026-06-28 08:00,58905.0,2026-06-28 22:00,60346.27,2026-06-29 06:00,,378.7115653212898,-1,"level B aktif, dipantau"
2026-06-30 19:00,1272,WAVE_STARTED,bear,60780.57,2026-06-29 12:00,58201.0,2026-06-30 15:00,58699.98,2026-06-30 18:00,,419.264858162162,-1,C? tentatif
2026-07-01 00:00,1277,WAVE_STARTED,bull,58201.0,2026-06-30 15:00,58874.99,2026-06-30 20:00,58509.99,2026-06-30 21:00,,359.09483517210754,-1,C? tentatif
2026-07-01 00:00,1277,C_LOCKED,bear,60780.57,2026-06-29 12:00,58201.0,2026-06-30 15:00,58874.99,2026-06-30 20:00,,359.09483517210754,-1,zona fibo abu; via pivot
2026-07-01 00:00,1277,CANDIDATE_EVICTED,bear,66445.93,2026-06-17 16:00,63915.77,2026-06-17 22:00,64806.0,2026-06-18 01:00,,359.09483517210754,-1,
2026-07-01 03:00,1280,WAVE_STRUCT_REJECTED,bull,58201.0,2026-06-30 15:00,58874.99,2026-06-30 20:00,57800.19,2026-07-01 01:00,,432.0074318050727,-1,
2026-07-01 03:00,1280,CANDIDATE_FAILED,bear,60780.57,2026-06-29 12:00,59011.0,2026-06-29 14:00,60683.84,2026-06-29 17:00,,432.0074318050727,-1,kandidat gugur ✖ (buffer ATR); boleh breakout ulang
2026-07-01 03:00,1280,CANDIDATE_FAILED,bear,60545.01,2026-06-28 08:00,58905.0,2026-06-28 22:00,60346.27,2026-06-29 06:00,,432.0074318050727,-1,kandidat gugur ✖ (buffer ATR); boleh breakout ulang
2026-07-01 05:00,1282,WAVE_STARTED,bear,60780.57,2026-06-29 12:00,57800.19,2026-07-01 01:00,59457.0,2026-07-01 04:00,,431.75130599519025,-1,C? tentatif
2026-07-01 07:00,1284,B_LINE_TRACKING,bear,60780.57,2026-06-29 12:00,59011.0,2026-06-29 14:00,60683.84,2026-06-29 17:00,,433.26740159789415,-1,"level B aktif, dipantau"
2026-07-01 07:00,1284,B_LINE_TRACKING,bear,60545.01,2026-06-28 08:00,58905.0,2026-06-28 22:00,60346.27,2026-06-29 06:00,,433.26740159789415,-1,"level B aktif, dipantau"
2026-07-01 08:00,1285,WAVE_STARTED,bull,57800.19,2026-07-01 01:00,59457.0,2026-07-01 04:00,58534.31,2026-07-01 06:00,,418.31258719804464,-1,C? tentatif
2026-07-01 08:00,1285,C_LOCKED,bear,60780.57,2026-06-29 12:00,57800.19,2026-07-01 01:00,59457.0,2026-07-01 04:00,,418.31258719804464,-1,zona fibo hijau; via pivot
2026-07-01 08:00,1285,CANDIDATE_EVICTED,bear,65622.83,2026-06-22 14:00,63804.59,2026-06-22 22:00,64275.38,2026-06-23 02:00,,418.31258719804464,-1,
2026-07-01 09:00,1286,CANDIDATE_FAILED,bear,60780.57,2026-06-29 12:00,59011.0,2026-06-29 14:00,60683.84,2026-06-29 17:00,,423.0045452553272,-1,kandidat gugur ✖ (buffer ATR); boleh breakout ulang
2026-07-01 09:00,1286,CANDIDATE_FAILED,bear,60545.01,2026-06-28 08:00,58905.0,2026-06-28 22:00,60346.27,2026-06-29 06:00,,423.0045452553272,-1,kandidat gugur ✖ (buffer ATR); boleh breakout ulang
2026-07-01 10:00,1287,B_LINE_TRACKING,bear,60780.57,2026-06-29 12:00,59011.0,2026-06-29 14:00,60683.84,2026-06-29 17:00,,411.81707773708933,-1,"level B aktif, dipantau"
2026-07-01 11:00,1288,B_LINE_TRACKING,bear,60545.01,2026-06-28 08:00,58905.0,2026-06-28 22:00,60346.27,2026-06-29 06:00,,405.57800075586874,-1,"level B aktif, dipantau"
2026-07-01 12:00,1289,C_LOCKED,bull,57800.19,2026-07-01 01:00,59457.0,2026-07-01 04:00,58500.0,2026-07-01 08:00,,391.31528641616393,-1,zona fibo hijau; via pivot
2026-07-01 12:00,1289,WAVE_STARTED,bear,59457.0,2026-07-01 04:00,58500.0,2026-07-01 08:00,59091.99,2026-07-01 09:00,,391.31528641616393,-1,C? tentatif
2026-07-01 14:00,1291,WAVE_CANCELLED,bear,59457.0,2026-07-01 04:00,58500.0,2026-07-01 08:00,59091.99,2026-07-01 09:00,,430.0524663486312,-1,
2026-07-01 14:00,1291,CANDIDATE_FAILED,bear,60780.57,2026-06-29 12:00,59011.0,2026-06-29 14:00,60683.84,2026-06-29 17:00,,430.0524663486312,-1,kandidat gugur ✖ (buffer ATR); boleh breakout ulang
2026-07-01 14:00,1291,CANDIDATE_FAILED,bear,60545.01,2026-06-28 08:00,58905.0,2026-06-28 22:00,60346.27,2026-06-29 06:00,,430.0524663486312,-1,kandidat gugur ✖ (buffer ATR); boleh breakout ulang
2026-07-01 15:00,1292,B_LINE_TRACKING,bull,57800.19,2026-07-01 01:00,59457.0,2026-07-01 04:00,58500.0,2026-07-01 08:00,,457.4772901808718,-1,"level B aktif, dipantau"
2026-07-01 15:00,1292,BREAK_HIDDEN_BY_TREND,bull,57800.19,2026-07-01 01:00,59457.0,2026-07-01 04:00,58500.0,2026-07-01 08:00,57.8,457.4772901808718,-1,"mesin lihat break, chart sembunyikan (lawan trend ST)"
2026-07-01 16:00,1293,WAVE_STARTED,bear,59457.0,2026-07-01 04:00,58326.0,2026-07-01 12:00,60536.55,2026-07-01 15:00,,497.37462659652385,1,C? tentatif
2026-07-01 16:00,1293,CANDIDATE_FAILED,bear,60941.17,2026-06-27 15:00,59855.16,2026-06-27 22:00,60339.99,2026-06-28 02:00,,497.37462659652385,1,kandidat gugur ✖ (buffer ATR); boleh breakout ulang
2026-07-01 17:00,1294,WAVE_CANCELLED,bear,59457.0,2026-07-01 04:00,58326.0,2026-07-01 12:00,60536.55,2026-07-01 15:00,,490.52072469677205,1,
2026-07-01 19:00,1296,WAVE_STARTED,bull,58326.0,2026-07-01 12:00,60536.55,2026-07-01 15:00,59787.35,2026-07-01 17:00,,473.07536976405316,1,C? tentatif
2026-07-01 22:00,1299,C_LOCKED,bull,58326.0,2026-07-01 12:00,60536.55,2026-07-01 15:00,59787.35,2026-07-01 17:00,,473.4400573511751,1,zona fibo abu; via breakout
2026-07-01 22:00,1299,B_LINE_TRACKING,bull,58326.0,2026-07-01 12:00,60536.55,2026-07-01 15:00,59787.35,2026-07-01 17:00,,473.4400573511751,1,"level B aktif, dipantau"
2026-07-01 22:00,1299,B_LINE_TRACKING,bull,58115.01,2026-06-25 13:00,60273.81,2026-06-25 21:00,58337.0,2026-06-26 03:00,,473.4400573511751,1,"level B aktif, dipantau"
2026-07-01 22:00,1299,CANDIDATE_INVALIDATED,bear,60780.57,2026-06-29 12:00,57800.19,2026-07-01 01:00,59457.0,2026-07-01 04:00,,473.4400573511751,1,
2026-07-01 22:00,1299,CANDIDATE_INVALIDATED,bear,60780.57,2026-06-29 12:00,58201.0,2026-06-30 15:00,58874.99,2026-06-30 20:00,,473.4400573511751,1,
2026-07-01 22:00,1299,CANDIDATE_INVALIDATED,bear,60780.57,2026-06-29 12:00,59011.0,2026-06-29 14:00,60683.84,2026-06-29 17:00,,473.4400573511751,1,
2026-07-01 22:00,1299,CANDIDATE_INVALIDATED,bear,60545.01,2026-06-28 08:00,58905.0,2026-06-28 22:00,60346.27,2026-06-29 06:00,,473.4400573511751,1,
2026-07-01 23:00,1300,CANDIDATE_FAILED,bull,58326.0,2026-07-01 12:00,60536.55,2026-07-01 15:00,59787.35,2026-07-01 17:00,,510.6943389689483,1,kandidat gugur ✖ (buffer ATR); boleh breakout ulang
2026-07-02 00:00,1301,CANDIDATE_FAILED,bull,58115.01,2026-06-25 13:00,60273.81,2026-06-25 21:00,58337.0,2026-06-26 03:00,,509.44117189973775,1,kandidat gugur ✖ (buffer ATR); boleh breakout ulang
2026-07-02 01:00,1302,B_LINE_TRACKING,bear,60941.17,2026-06-27 15:00,59855.16,2026-06-27 22:00,60339.99,2026-06-28 02:00,,504.48108819261364,1,"level B aktif, dipantau"
2026-07-02 02:00,1303,WAVE_STARTED,bull,58326.0,2026-07-01 12:00,61334.0,2026-07-01 22:00,59588.0,2026-07-02 00:00,,511.9602961788552,1,C? tentatif
2026-07-02 02:00,1303,CANDIDATE_FAILED,bear,60941.17,2026-06-27 15:00,59855.16,2026-06-27 22:00,60339.99,2026-06-28 02:00,,511.9602961788552,1,kandidat gugur ✖ (buffer ATR); boleh breakout ulang
2026-07-02 03:00,1304,B_LINE_TRACKING,bull,58115.01,2026-06-25 13:00,60273.81,2026-06-25 21:00,58337.0,2026-06-26 03:00,,509.6459893089368,1,"level B aktif, dipantau"
2026-07-02 04:00,1305,C_LOCKED,bull,58326.0,2026-07-01 12:00,61334.0,2026-07-01 22:00,59588.0,2026-07-02 00:00,,531.9398472154414,1,zona fibo hijau; via pivot
2026-07-02 04:00,1305,WAVE_STARTED,bear,61334.0,2026-07-01 22:00,59588.0,2026-07-02 00:00,61121.78,2026-07-02 03:00,,531.9398472154414,1,C? tentatif
2026-07-02 04:00,1305,B_LINE_TRACKING,bull,58326.0,2026-07-01 12:00,60536.55,2026-07-01 15:00,59787.35,2026-07-01 17:00,,531.9398472154414,1,"level B aktif, dipantau"
2026-07-02 04:00,1305,B_LINE_TRACKING,bull,58337.0,2026-06-26 03:00,60759.99,2026-06-26 07:00,58500.1,2026-06-26 13:00,,531.9398472154414,1,"level B aktif, dipantau"
2026-07-02 04:00,1305,CANDIDATE_INVALIDATED,bear,60941.17,2026-06-27 15:00,59855.16,2026-06-27 22:00,60339.99,2026-06-28 02:00,,531.9398472154414,1,
2026-07-02 05:00,1306,CANDIDATE_FAILED,bull,58337.0,2026-06-26 03:00,60759.99,2026-06-26 07:00,58500.1,2026-06-26 13:00,,517.5155724143385,1,kandidat gugur ✖ (buffer ATR); boleh breakout ulang
2026-07-02 06:00,1307,CANDIDATE_FAILED,bull,58326.0,2026-07-01 12:00,60536.55,2026-07-01 15:00,59787.35,2026-07-01 17:00,,508.3851743847431,1,kandidat gugur ✖ (buffer ATR); boleh breakout ulang
2026-07-02 07:00,1308,WAVE_STARTED,bull,59588.0,2026-07-02 00:00,61121.78,2026-07-02 03:00,60260.0,2026-07-02 06:00,,500.1248047858327,1,C? tentatif
2026-07-02 07:00,1308,C_LOCKED,bear,61334.0,2026-07-01 22:00,59588.0,2026-07-02 00:00,61121.78,2026-07-02 03:00,,500.1248047858327,1,zona fibo oranye; via pivot
2026-07-02 07:00,1308,CANDIDATE_FAILED,bull,58115.01,2026-06-25 13:00,60273.81,2026-06-25 21:00,58337.0,2026-06-26 03:00,,500.1248047858327,1,kandidat gugur ✖ (buffer ATR); boleh breakout ulang
2026-07-02 09:00,1310,B_LINE_TRACKING,bull,58115.01,2026-06-25 13:00,60273.81,2026-06-25 21:00,58337.0,2026-06-26 03:00,,475.46878575921255,1,"level B aktif, dipantau"
2026-07-02 10:00,1311,C_LOCKED,bull,59588.0,2026-07-02 00:00,61121.78,2026-07-02 03:00,60104.0,2026-07-02 07:00,,517.3181582049831,1,zona fibo hijau; via breakout
2026-07-02 10:00,1311,B_LINE_TRACKING,bull,58326.0,2026-07-01 12:00,60536.55,2026-07-01 15:00,59787.35,2026-07-01 17:00,,517.3181582049831,1,"level B aktif, dipantau"
2026-07-02 10:00,1311,B_LINE_TRACKING,bull,58337.0,2026-06-26 03:00,60759.99,2026-06-26 07:00,58500.1,2026-06-26 13:00,,517.3181582049831,1,"level B aktif, dipantau"
2026-07-02 11:00,1312,WAVE_STARTED,bear,61334.0,2026-07-01 22:00,60104.0,2026-07-02 07:00,61437.49,2026-07-02 09:00,,501.7190040474843,1,C? tentatif
2026-07-02 11:00,1312,B_LINE_TRACKING,bull,59588.0,2026-07-02 00:00,61121.78,2026-07-02 03:00,60104.0,2026-07-02 07:00,,501.7190040474843,1,"level B aktif, dipantau"
2026-07-02 11:00,1312,BREAK,bull,59588.0,2026-07-02 00:00,61121.78,2026-07-02 03:00,60104.0,2026-07-02 07:00,66.4,501.7190040474843,1,ATR Str A1 A2 C2
2026-07-02 12:00,1313,WAVE_CANCELLED,bear,61334.0,2026-07-01 22:00,60104.0,2026-07-02 07:00,61437.49,2026-07-02 09:00,,484.62621804409247,1,
2026-07-02 12:00,1313,CANDIDATE_INVALIDATED,bear,61334.0,2026-07-01 22:00,59588.0,2026-07-02 00:00,61121.78,2026-07-02 03:00,,484.62621804409247,1,
2026-07-02 13:00,1314,B_LINE_TRACKING,bull,58326.0,2026-07-01 12:00,61334.0,2026-07-01 22:00,59588.0,2026-07-02 00:00,,483.35077389808566,1,"level B aktif, dipantau"
2026-07-02 13:00,1314,BREAK,bull,58326.0,2026-07-01 12:00,61334.0,2026-07-01 22:00,59588.0,2026-07-02 00:00,58.0,483.35077389808566,1,ATR Str A1 A2 C2
2026-07-02 14:00,1315,CANDIDATE_FAILED,bear,65622.83,2026-06-22 14:00,61938.0,2026-06-23 08:00,62855.98,2026-06-23 14:00,,487.89714719107957,1,kandidat gugur ✖ (buffer ATR); boleh breakout ulang
2026-07-02 15:00,1316,B_LINE_TRACKING,bear,65622.83,2026-06-22 14:00,61938.0,2026-06-23 08:00,62855.98,2026-06-23 14:00,,510.58377953457403,1,"level B aktif, dipantau"
2026-07-02 18:00,1319,WAVE_STARTED,bull,59588.0,2026-07-02 00:00,62200.0,2026-07-02 14:00,61108.99,2026-07-02 16:00,,504.5420968066542,1,C? tentatif
2026-07-02 20:00,1321,C_LOCKED,bull,59588.0,2026-07-02 00:00,62200.0,2026-07-02 14:00,61108.99,2026-07-02 16:00,,474.95742020573744,1,zona fibo abu; via pivot
2026-07-02 20:00,1321,WAVE_STARTED,bear,62200.0,2026-07-02 14:00,61108.99,2026-07-02 16:00,61962.43,2026-07-02 17:00,,474.95742020573744,1,C? tentatif
2026-07-03 05:00,1330,WAVE_STARTED,bull,61108.99,2026-07-02 16:00,61733.11,2026-07-03 01:00,61294.0,2026-07-03 02:00,,377.18053455985597,1,C? tentatif
2026-07-03 05:00,1330,C_LOCKED,bear,62200.0,2026-07-02 14:00,61108.99,2026-07-02 16:00,61733.11,2026-07-03 01:00,,377.18053455985597,1,zona fibo hijau; via pivot
2026-07-03 08:00,1333,C_LOCKED,bull,61108.99,2026-07-02 16:00,61733.11,2026-07-03 01:00,61294.0,2026-07-03 02:00,,355.74889009766883,1,zona fibo hijau; via breakout
2026-07-03 11:00,1336,B_LINE_TRACKING,bull,61108.99,2026-07-02 16:00,61733.11,2026-07-03 01:00,61294.0,2026-07-03 02:00,,350.8337724287817,1,"level B aktif, dipantau"
2026-07-03 11:00,1336,BREAK,bull,61108.99,2026-07-02 16:00,61733.11,2026-07-03 01:00,61294.0,2026-07-03 02:00,70.4,350.8337724287817,1,ATR Str A1 A2 C2
2026-07-03 11:00,1336,CANDIDATE_FAILED,bear,65622.83,2026-06-22 14:00,61938.0,2026-06-23 08:00,62855.98,2026-06-23 14:00,,350.8337724287817,1,kandidat gugur ✖ (buffer ATR); boleh breakout ulang
2026-07-03 12:00,1337,CANDIDATE_INVALIDATED,bear,61962.4,2026-06-25 07:00,58115.01,2026-06-25 13:00,60273.81,2026-06-25 21:00,,344.56707439815426,1,
2026-07-03 13:00,1338,WAVE_STARTED,bear,62200.0,2026-07-02 14:00,61510.01,2026-07-03 09:00,62174.47,2026-07-03 12:00,,341.5844262268574,1,C? tentatif
2026-07-03 19:00,1344,WAVE_STARTED,bull,61248.86,2026-07-03 00:00,62400.0,2026-07-03 15:00,61911.65,2026-07-03 16:00,,337.07954790994165,1,C? tentatif
2026-07-03 19:00,1344,WAVE_CANCELLED,bear,62200.0,2026-07-02 14:00,61510.01,2026-07-03 09:00,62400.0,2026-07-03 15:00,,337.07954790994165,1,
2026-07-03 19:00,1344,CANDIDATE_INVALIDATED,bear,62200.0,2026-07-02 14:00,61108.99,2026-07-02 16:00,61733.11,2026-07-03 01:00,,337.07954790994165,1,
2026-07-03 21:00,1346,C_LOCKED,bull,61248.86,2026-07-03 00:00,62400.0,2026-07-03 15:00,61911.65,2026-07-03 16:00,,353.5836918203064,1,zona fibo abu; via breakout
2026-07-03 21:00,1346,B_LINE_TRACKING,bull,61248.86,2026-07-03 00:00,62400.0,2026-07-03 15:00,61911.65,2026-07-03 16:00,,353.5836918203064,1,"level B aktif, dipantau"
2026-07-03 21:00,1346,B_LINE_TRACKING,bull,59588.0,2026-07-02 00:00,62200.0,2026-07-02 14:00,61108.99,2026-07-02 16:00,,353.5836918203064,1,"level B aktif, dipantau"
2026-07-03 21:00,1346,CANDIDATE_FAILED,bear,63119.45,2026-06-24 01:00,62461.87,2026-06-24 03:00,63073.44,2026-06-24 05:00,,353.5836918203064,1,kandidat gugur ✖ (buffer ATR); boleh breakout ulang
2026-07-04 01:00,1350,WAVE_STARTED,bull,61248.86,2026-07-03 00:00,62979.86,2026-07-03 21:00,62529.03,2026-07-03 23:00,,340.2503530320638,1,C? tentatif
2026-07-04 05:00,1354,C_LOCKED,bull,61248.86,2026-07-03 00:00,62979.86,2026-07-03 21:00,62404.25,2026-07-04 01:00,,311.03086664277333,1,zona fibo abu; via pivot
2026-07-04 05:00,1354,WAVE_STARTED,bear,62979.86,2026-07-03 21:00,62404.25,2026-07-04 01:00,62750.0,2026-07-04 03:00,,311.03086664277333,1,C? tentatif
2026-07-04 18:00,1367,WAVE_CANCELLED,bear,62979.86,2026-07-03 21:00,62404.25,2026-07-04 01:00,63075.46,2026-07-04 15:00,,274.01025482956646,1,
2026-07-04 18:00,1367,B_LINE_TRACKING,bull,61248.86,2026-07-03 00:00,62979.86,2026-07-03 21:00,62404.25,2026-07-04 01:00,,274.01025482956646,1,"level B aktif, dipantau"
2026-07-04 18:00,1367,CANDIDATE_INVALIDATED,bear,63119.45,2026-06-24 01:00,62461.87,2026-06-24 03:00,63073.44,2026-06-24 05:00,,274.01025482956646,1,
2026-07-04 23:00,1372,WAVE_STARTED,bull,62328.24,2026-07-04 06:00,63461.99,2026-07-04 19:00,63155.37,2026-07-04 20:00,,263.6167955435871,1,C? tentatif
2026-07-05 01:00,1374,CANDIDATE_FAILED,bull,61248.86,2026-07-03 00:00,62979.86,2026-07-03 21:00,62404.25,2026-07-04 01:00,,266.3106553411542,1,kandidat gugur ✖ (buffer ATR); boleh breakout ulang
2026-07-05 06:00,1379,C_LOCKED,bull,62328.24,2026-07-04 06:00,63461.99,2026-07-04 19:00,62596.08,2026-07-05 02:00,,251.30156226494734,1,zona fibo hijau; via pivot
2026-07-05 06:00,1379,WAVE_STARTED,bear,63461.99,2026-07-04 19:00,62596.08,2026-07-05 02:00,62952.93,2026-07-05 04:00,,251.30156226494734,1,C? tentatif
2026-07-05 08:00,1381,B_LINE_TRACKING,bull,61248.86,2026-07-03 00:00,62979.86,2026-07-03 21:00,62404.25,2026-07-04 01:00,,251.0328776672254,1,"level B aktif, dipantau"
2026-07-05 09:00,1382,CANDIDATE_FAILED,bull,61248.86,2026-07-03 00:00,62979.86,2026-07-03 21:00,62404.25,2026-07-04 01:00,,247.67338640528072,1,kandidat gugur ✖ (buffer ATR); boleh breakout ulang
2026-07-05 12:00,1385,WAVE_STARTED,bull,62596.08,2026-07-05 02:00,63104.0,2026-07-05 08:00,62436.59,2026-07-05 09:00,,258.41094749723146,1,C? tentatif
2026-07-05 12:00,1385,C_LOCKED,bear,63461.99,2026-07-04 19:00,62596.08,2026-07-05 02:00,63104.0,2026-07-05 08:00,,258.41094749723146,1,zona fibo hijau; via pivot
2026-07-05 13:00,1386,WAVE_STRUCT_REJECTED,bull,62596.08,2026-07-05 02:00,63104.0,2026-07-05 08:00,62436.59,2026-07-05 09:00,,254.42659410457188,1,
2026-07-05 13:00,1386,WAVE_STARTED,bear,63461.99,2026-07-04 19:00,62436.59,2026-07-05 09:00,62812.0,2026-07-05 11:00,,254.42659410457188,1,C? tentatif
2026-07-05 19:00,1392,WAVE_STARTED,bull,62436.59,2026-07-05 09:00,62943.59,2026-07-05 15:00,62590.02,2026-07-05 16:00,,240.54888210153953,1,C? tentatif
2026-07-05 19:00,1392,C_LOCKED,bear,63461.99,2026-07-04 19:00,62436.59,2026-07-05 09:00,62943.59,2026-07-05 15:00,,240.54888210153953,1,zona fibo abu; via pivot
2026-07-05 20:00,1393,C_LOCKED,bull,62436.59,2026-07-05 09:00,62943.59,2026-07-05 15:00,62590.02,2026-07-05 16:00,,235.73539052285787,1,zona fibo hijau; via pivot
2026-07-05 20:00,1393,WAVE_STARTED,bear,63104.0,2026-07-05 08:00,62590.02,2026-07-05 16:00,62888.14,2026-07-05 19:00,,235.73539052285787,1,C? tentatif
2026-07-05 22:00,1395,B_LINE_TRACKING,bull,62436.59,2026-07-05 09:00,62943.59,2026-07-05 15:00,62590.02,2026-07-05 16:00,,255.8919948896071,1,"level B aktif, dipantau"
2026-07-05 22:00,1395,BREAK,bull,62436.59,2026-07-05 09:00,62943.59,2026-07-05 15:00,62590.02,2026-07-05 16:00,69.7,255.8919948896071,1,ATR Str A1 A2 C2
2026-07-05 22:00,1395,B_LINE_TRACKING,bull,61248.86,2026-07-03 00:00,62979.86,2026-07-03 21:00,62404.25,2026-07-04 01:00,,255.8919948896071,1,"level B aktif, dipantau"
2026-07-05 23:00,1396,WAVE_CANCELLED,bear,63104.0,2026-07-05 08:00,62590.02,2026-07-05 16:00,63220.0,2026-07-05 21:00,,306.1454238260639,1,
2026-07-05 23:00,1396,B_LINE_TRACKING,bull,62328.24,2026-07-04 06:00,63461.99,2026-07-04 19:00,62596.08,2026-07-05 02:00,,306.1454238260639,1,"level B aktif, dipantau"
2026-07-05 23:00,1396,BREAK,bull,62328.24,2026-07-04 06:00,63461.99,2026-07-04 19:00,62596.08,2026-07-05 02:00,76.4,306.1454238260639,1,ATR Str A1 A2 C2
2026-07-05 23:00,1396,CANDIDATE_INVALIDATED,bear,63461.99,2026-07-04 19:00,62436.59,2026-07-05 09:00,62943.59,2026-07-05 15:00,,306.1454238260639,1,
2026-07-05 23:00,1396,CANDIDATE_INVALIDATED,bear,63461.99,2026-07-04 19:00,62596.08,2026-07-05 02:00,63104.0,2026-07-05 08:00,,306.1454238260639,1,
2026-07-06 01:00,1398,WAVE_STARTED,bear,62943.59,2026-07-05 15:00,62609.47,2026-07-05 21:00,63999.0,2026-07-05 23:00,,322.1182480949222,1,C? tentatif
2026-07-06 02:00,1399,WAVE_CANCELLED,bear,62943.59,2026-07-05 15:00,62609.47,2026-07-05 21:00,63999.0,2026-07-05 23:00,,325.5383732309992,1,
2026-07-06 03:00,1400,WAVE_STARTED,bull,62436.59,2026-07-05 09:00,63999.0,2026-07-05 23:00,63350.0,2026-07-06 00:00,,323.4513465716421,1,C? tentatif
2026-07-06 07:00,1404,CANDIDATE_FAILED,bull,61248.86,2026-07-03 00:00,62979.86,2026-07-03 21:00,62404.25,2026-07-04 01:00,,308.24136972700546,1,kandidat gugur ✖ (buffer ATR); boleh breakout ulang
2026-07-06 08:00,1405,B_LINE_TRACKING,bull,61248.86,2026-07-03 00:00,62979.86,2026-07-03 21:00,62404.25,2026-07-04 01:00,,302.65270046079075,1,"level B aktif, dipantau"
2026-07-06 09:00,1406,CANDIDATE_FAILED,bull,61248.86,2026-07-03 00:00,62979.86,2026-07-03 21:00,62404.25,2026-07-04 01:00,,312.7396504278773,1,kandidat gugur ✖ (buffer ATR); boleh breakout ulang
2026-07-06 13:00,1410,WAVE_CANCELLED,bull,62436.59,2026-07-05 09:00,63999.0,2026-07-05 23:00,62483.83,2026-07-06 11:00,,363.9908638554408,-1,
2026-07-06 13:00,1410,CANDIDATE_FAILED,bull,61248.86,2026-07-03 00:00,62400.0,2026-07-03 15:00,61911.65,2026-07-03 16:00,,363.9908638554408,-1,kandidat gugur ✖ (buffer ATR); boleh breakout ulang
2026-07-06 13:00,1410,CANDIDATE_FAILED,bull,59588.0,2026-07-02 00:00,62200.0,2026-07-02 14:00,61108.99,2026-07-02 16:00,,363.9908638554408,-1,kandidat gugur ✖ (buffer ATR); boleh breakout ulang
2026-07-06 13:00,1410,B_LINE_TRACKING,bear,65622.83,2026-06-22 14:00,61938.0,2026-06-23 08:00,62855.98,2026-06-23 14:00,,363.9908638554408,-1,"level B aktif, dipantau"
2026-07-06 15:00,1412,CANDIDATE_FAILED,bear,65622.83,2026-06-22 14:00,61938.0,2026-06-23 08:00,62855.98,2026-06-23 14:00,,411.99855097739584,-1,kandidat gugur ✖ (buffer ATR); boleh breakout ulang
2026-07-06 16:00,1413,B_LINE_TRACKING,bull,61248.86,2026-07-03 00:00,62979.86,2026-07-03 21:00,62404.25,2026-07-04 01:00,,489.570083050439,1,"level B aktif, dipantau"
2026-07-06 16:00,1413,B_LINE_TRACKING,bull,61248.86,2026-07-03 00:00,62400.0,2026-07-03 15:00,61911.65,2026-07-03 16:00,,489.570083050439,1,"level B aktif, dipantau"
2026-07-06 16:00,1413,B_LINE_TRACKING,bull,59588.0,2026-07-02 00:00,62200.0,2026-07-02 14:00,61108.99,2026-07-02 16:00,,489.570083050439,1,"level B aktif, dipantau"
2026-07-06 17:00,1414,WAVE_STARTED,bear,63999.0,2026-07-05 23:00,61306.84,2026-07-06 13:00,63863.0,2026-07-06 16:00,,488.6715056896932,1,C? tentatif
2026-07-06 21:00,1418,WAVE_STARTED,bull,61306.84,2026-07-06 13:00,63976.16,2026-07-06 17:00,63560.0,2026-07-06 18:00,,443.88835157234826,1,C? tentatif
2026-07-06 21:00,1418,C_LOCKED,bear,63999.0,2026-07-05 23:00,61306.84,2026-07-06 13:00,63976.16,2026-07-06 17:00,,443.88835157234826,1,zona fibo oranye; via pivot
2026-07-06 22:00,1419,C_LOCKED,bull,61306.84,2026-07-06 13:00,63976.16,2026-07-06 17:00,63560.0,2026-07-06 18:00,,475.75346931718053,1,zona fibo abu; via breakout
2026-07-06 22:00,1419,B_LINE_TRACKING,bull,61306.84,2026-07-06 13:00,63976.16,2026-07-06 17:00,63560.0,2026-07-06 18:00,,475.75346931718053,1,"level B aktif, dipantau"
2026-07-06 22:00,1419,CANDIDATE_INVALIDATED,bear,63999.0,2026-07-05 23:00,61306.84,2026-07-06 13:00,63976.16,2026-07-06 17:00,,475.75346931718053,1,
2026-07-07 00:00,1421,CANDIDATE_FAILED,bull,61306.84,2026-07-06 13:00,63976.16,2026-07-06 17:00,63560.0,2026-07-06 18:00,,456.4332975234874,1,kandidat gugur ✖ (buffer ATR); boleh breakout ulang
2026-07-07 01:00,1422,WAVE_STARTED,bull,61306.84,2026-07-06 13:00,64700.0,2026-07-06 21:00,63997.5,2026-07-07 00:00,,446.4380619860954,1,C? tentatif
2026-07-07 01:00,1422,B_LINE_TRACKING,bull,61306.84,2026-07-06 13:00,63976.16,2026-07-06 17:00,63560.0,2026-07-06 18:00,,446.4380619860954,1,"level B aktif, dipantau"
2026-07-07 02:00,1423,CANDIDATE_FAILED,bull,61306.84,2026-07-06 13:00,63976.16,2026-07-06 17:00,63560.0,2026-07-06 18:00,,445.7610575585171,1,kandidat gugur ✖ (buffer ATR); boleh breakout ulang
2026-07-07 09:00,1430,C_LOCKED,bull,61306.84,2026-07-06 13:00,64700.0,2026-07-06 21:00,62800.0,2026-07-07 05:00,,410.6764742636633,1,zona fibo hijau; via pivot
2026-07-07 09:00,1430,WAVE_STARTED,bear,64700.0,2026-07-06 21:00,62800.0,2026-07-07 05:00,63445.7,2026-07-07 07:00,,410.6764742636633,1,C? tentatif
2026-07-07 18:00,1439,B_LINE_TRACKING,bull,61306.84,2026-07-06 13:00,63976.16,2026-07-06 17:00,63560.0,2026-07-06 18:00,,449.3564376142099,1,"level B aktif, dipantau"
2026-07-07 19:00,1440,CANDIDATE_FAILED,bull,61306.84,2026-07-06 13:00,63976.16,2026-07-06 17:00,63560.0,2026-07-06 18:00,,454.1159777846233,1,kandidat gugur ✖ (buffer ATR); boleh breakout ulang
2026-07-07 20:00,1441,WAVE_STARTED,bull,62671.39,2026-07-07 14:00,64243.75,2026-07-07 16:00,63379.69,2026-07-07 19:00,,458.45697937143586,1,C? tentatif
2026-07-07 20:00,1441,C_LOCKED,bear,64700.0,2026-07-06 21:00,62800.0,2026-07-07 05:00,64243.75,2026-07-07 16:00,,458.45697937143586,1,zona fibo hijau; via pivot
2026-07-08 02:00,1447,CANDIDATE_FAILED,bull,61248.86,2026-07-03 00:00,62979.86,2026-07-03 21:00,62404.25,2026-07-04 01:00,,470.18326505283466,1,kandidat gugur ✖ (buffer ATR); boleh breakout ulang
2026-07-08 06:00,1451,WAVE_CANCELLED,bull,62671.39,2026-07-07 14:00,64243.75,2026-07-07 16:00,62525.47,2026-07-08 02:00,,442.47121207762376,-1,
2026-07-08 06:00,1451,WAVE_STARTED,bear,64243.75,2026-07-07 16:00,62525.47,2026-07-08 02:00,63094.0,2026-07-08 03:00,,442.47121207762376,-1,C? tentatif
2026-07-08 06:00,1451,B_LINE_TRACKING,bear,64700.0,2026-07-06 21:00,62800.0,2026-07-07 05:00,64243.75,2026-07-07 16:00,,442.47121207762376,-1,"level B aktif, dipantau"
2026-07-08 06:00,1451,BREAK,bear,64700.0,2026-07-06 21:00,62800.0,2026-07-07 05:00,64243.75,2026-07-07 16:00,76.0,442.47121207762376,-1,ATR Str A1 A2 C2
2026-07-08 09:00,1454,C_LOCKED,bear,64243.75,2026-07-07 16:00,62525.47,2026-07-08 02:00,63094.0,2026-07-08 03:00,,471.29324815398644,-1,zona fibo abu; via breakout
2026-07-08 09:00,1454,CANDIDATE_FAILED,bull,61248.86,2026-07-03 00:00,62400.0,2026-07-03 15:00,61911.65,2026-07-03 16:00,,471.29324815398644,-1,kandidat gugur ✖ (buffer ATR); boleh breakout ulang
2026-07-08 09:00,1454,CANDIDATE_FAILED,bull,59588.0,2026-07-02 00:00,62200.0,2026-07-02 14:00,61108.99,2026-07-02 16:00,,471.29324815398644,-1,kandidat gugur ✖ (buffer ATR); boleh breakout ulang
2026-07-08 09:00,1454,B_LINE_TRACKING,bear,64243.75,2026-07-07 16:00,62525.47,2026-07-08 02:00,63094.0,2026-07-08 03:00,,471.29324815398644,-1,"level B aktif, dipantau"
2026-07-08 12:00,1457,WAVE_STARTED,bull,62671.39,2026-07-07 14:00,62941.46,2026-07-08 08:00,61743.83,2026-07-08 09:00,,448.519929371104,-1,C? tentatif
2026-07-08 12:00,1457,B_LINE_TRACKING,bull,59588.0,2026-07-02 00:00,62200.0,2026-07-02 14:00,61108.99,2026-07-02 16:00,,448.519929371104,-1,"level B aktif, dipantau"
2026-07-08 13:00,1458,WAVE_CANCELLED,bull,62671.39,2026-07-07 14:00,62941.46,2026-07-08 08:00,61743.83,2026-07-08 09:00,,452.01850584459663,-1,
2026-07-08 13:00,1458,WAVE_STARTED,bear,64243.75,2026-07-07 16:00,61743.83,2026-07-08 09:00,62451.08,2026-07-08 12:00,,452.01850584459663,-1,C? tentatif
2026-07-08 13:00,1458,CANDIDATE_FAILED,bull,59588.0,2026-07-02 00:00,62200.0,2026-07-02 14:00,61108.99,2026-07-02 16:00,,452.01850584459663,-1,kandidat gugur ✖ (buffer ATR); boleh breakout ulang
2026-07-08 16:00,1461,C_LOCKED,bear,64243.75,2026-07-07 16:00,61743.83,2026-07-08 09:00,62451.08,2026-07-08 12:00,,447.67855223782004,-1,zona fibo abu; via pivot
2026-07-08 16:00,1461,B_LINE_TRACKING,bear,65622.83,2026-06-22 14:00,61938.0,2026-06-23 08:00,62855.98,2026-06-23 14:00,,447.67855223782004,-1,"level B aktif, dipantau"
2026-07-08 17:00,1462,CANDIDATE_FAILED,bear,65622.83,2026-06-22 14:00,61938.0,2026-06-23 08:00,62855.98,2026-06-23 14:00,,449.4586556494042,-1,kandidat gugur ✖ (buffer ATR); boleh breakout ulang
2026-07-08 19:00,1464,WAVE_STARTED,bear,64243.75,2026-07-07 16:00,61544.56,2026-07-08 15:00,62394.32,2026-07-08 17:00,,433.48700410586406,-1,C? tentatif
2026-07-08 20:00,1465,B_LINE_TRACKING,bull,59588.0,2026-07-02 00:00,62200.0,2026-07-02 14:00,61108.99,2026-07-02 16:00,,418.5372180983025,-1,"level B aktif, dipantau"
2026-07-08 21:00,1466,WAVE_STARTED,bull,61544.56,2026-07-08 15:00,62394.32,2026-07-08 17:00,62045.2,2026-07-08 18:00,,404.62313109128075,-1,C? tentatif
2026-07-08 21:00,1466,C_LOCKED,bear,64243.75,2026-07-07 16:00,61544.56,2026-07-08 15:00,62394.32,2026-07-08 17:00,,404.62313109128075,-1,zona fibo abu; via pivot
2026-07-08 21:00,1466,CANDIDATE_FAILED,bull,59588.0,2026-07-02 00:00,62200.0,2026-07-02 14:00,61108.99,2026-07-02 16:00,,404.62313109128075,-1,kandidat gugur ✖ (buffer ATR); boleh breakout ulang
2026-07-08 23:00,1468,B_LINE_TRACKING,bull,59588.0,2026-07-02 00:00,62200.0,2026-07-02 14:00,61108.99,2026-07-02 16:00,,380.79586303278785,-1,"level B aktif, dipantau"
2026-07-09 01:00,1470,C_LOCKED,bull,61544.56,2026-07-08 15:00,62394.32,2026-07-08 17:00,61956.0,2026-07-08 21:00,,357.74224924765844,-1,zona fibo hijau; via pivot
2026-07-09 01:00,1470,CANDIDATE_EVICTED,bull,58115.01,2026-06-25 13:00,60273.81,2026-06-25 21:00,58337.0,2026-06-26 03:00,,357.74224924765844,-1,
2026-07-09 01:00,1470,WAVE_STARTED,bear,64243.75,2026-07-07 16:00,61956.0,2026-07-08 21:00,62350.63,2026-07-08 22:00,,357.74224924765844,-1,C? tentatif
2026-07-09 01:00,1470,CANDIDATE_FAILED,bull,59588.0,2026-07-02 00:00,62200.0,2026-07-02 14:00,61108.99,2026-07-02 16:00,,357.74224924765844,-1,kandidat gugur ✖ (buffer ATR); boleh breakout ulang
2026-07-09 02:00,1471,C_LOCKED,bear,64243.75,2026-07-07 16:00,61956.0,2026-07-08 21:00,62642.0,2026-07-09 01:00,,389.68208858711154,-1,zona fibo abu; via breakout
2026-07-09 03:00,1472,B_LINE_TRACKING,bear,64243.75,2026-07-07 16:00,61956.0,2026-07-08 21:00,62642.0,2026-07-09 01:00,,391.55622511660346,-1,"level B aktif, dipantau"
2026-07-09 03:00,1472,B_LINE_TRACKING,bear,65622.83,2026-06-22 14:00,61938.0,2026-06-23 08:00,62855.98,2026-06-23 14:00,,391.55622511660346,-1,"level B aktif, dipantau"
2026-07-09 04:00,1473,CANDIDATE_FAILED,bear,64243.75,2026-07-07 16:00,61956.0,2026-07-08 21:00,62642.0,2026-07-09 01:00,,387.3729233225602,-1,kandidat gugur ✖ (buffer ATR); boleh breakout ulang
2026-07-09 04:00,1473,CANDIDATE_FAILED,bear,65622.83,2026-06-22 14:00,61938.0,2026-06-23 08:00,62855.98,2026-06-23 14:00,,387.3729233225602,-1,kandidat gugur ✖ (buffer ATR); boleh breakout ulang
2026-07-09 05:00,1474,WAVE_STARTED,bull,61544.56,2026-07-08 15:00,62642.0,2026-07-09 01:00,61705.29,2026-07-09 02:00,,395.4055716566632,-1,C? tentatif
2026-07-09 05:00,1474,B_LINE_TRACKING,bull,61544.56,2026-07-08 15:00,62394.32,2026-07-08 17:00,61956.0,2026-07-08 21:00,,395.4055716566632,-1,"level B aktif, dipantau"
2026-07-09 05:00,1474,BREAK_HIDDEN_BY_TREND,bull,61544.56,2026-07-08 15:00,62394.32,2026-07-08 17:00,61956.0,2026-07-08 21:00,51.6,395.4055716566632,-1,"mesin lihat break, chart sembunyikan (lawan trend ST)"
2026-07-09 05:00,1474,B_LINE_TRACKING,bull,59588.0,2026-07-02 00:00,62200.0,2026-07-02 14:00,61108.99,2026-07-02 16:00,,395.4055716566632,-1,"level B aktif, dipantau"
2026-07-09 06:00,1475,C_LOCKED,bull,61544.56,2026-07-08 15:00,62642.0,2026-07-09 01:00,61705.29,2026-07-09 02:00,,394.9201736811873,-1,zona fibo oranye; via pivot
2026-07-09 06:00,1475,WAVE_STARTED,bear,64243.75,2026-07-07 16:00,61705.29,2026-07-09 02:00,62624.61,2026-07-09 05:00,,394.9201736811873,-1,C? tentatif
2026-07-09 06:00,1475,B_LINE_TRACKING,bull,61248.86,2026-07-03 00:00,62400.0,2026-07-03 15:00,61911.65,2026-07-03 16:00,,394.9201736811873,-1,"level B aktif, dipantau"
2026-07-09 06:00,1475,CANDIDATE_FAILED,bear,64243.75,2026-07-07 16:00,62525.47,2026-07-08 02:00,63094.0,2026-07-08 03:00,,394.9201736811873,-1,kandidat gugur ✖ (buffer ATR); boleh breakout ulang
2026-07-09 07:00,1476,B_LINE_TRACKING,bull,61544.56,2026-07-08 15:00,62642.0,2026-07-09 01:00,61705.29,2026-07-09 02:00,,402.0273041325309,-1,"level B aktif, dipantau"
2026-07-09 11:00,1480,WAVE_STARTED,bull,61705.29,2026-07-09 02:00,63283.26,2026-07-09 07:00,62688.0,2026-07-09 10:00,,382.8985842703363,-1,C? tentatif
2026-07-09 11:00,1480,C_LOCKED,bear,64243.75,2026-07-07 16:00,61705.29,2026-07-09 02:00,63283.26,2026-07-09 07:00,,382.8985842703363,-1,zona fibo hijau; via pivot
2026-07-09 13:00,1482,CANDIDATE_FAILED,bull,61544.56,2026-07-08 15:00,62642.0,2026-07-09 01:00,61705.29,2026-07-09 02:00,,379.1929629677898,-1,kandidat gugur ✖ (buffer ATR); boleh breakout ulang
2026-07-09 14:00,1483,B_LINE_TRACKING,bull,61544.56,2026-07-08 15:00,62642.0,2026-07-09 01:00,61705.29,2026-07-09 02:00,,403.3270370415191,1,"level B aktif, dipantau"
2026-07-09 16:00,1485,C_LOCKED,bull,61705.29,2026-07-09 02:00,63283.26,2026-07-09 07:00,62465.39,2026-07-09 12:00,,411.61509826539134,1,zona fibo hijau; via pivot
2026-07-09 16:00,1485,CANDIDATE_EVICTED,bull,58337.0,2026-06-26 03:00,60759.99,2026-06-26 07:00,58500.1,2026-06-26 13:00,,411.61509826539134,1,
2026-07-09 16:00,1485,WAVE_STARTED,bear,63283.26,2026-07-09 07:00,62465.39,2026-07-09 12:00,63261.0,2026-07-09 15:00,,411.61509826539134,1,C? tentatif
2026-07-09 17:00,1486,CANDIDATE_FAILED,bull,61544.56,2026-07-08 15:00,62642.0,2026-07-09 01:00,61705.29,2026-07-09 02:00,,413.38616267500646,1,kandidat gugur ✖ (buffer ATR); boleh breakout ulang
2026-07-09 18:00,1487,B_LINE_TRACKING,bull,61544.56,2026-07-08 15:00,62642.0,2026-07-09 01:00,61705.29,2026-07-09 02:00,,419.3671510553633,1,"level B aktif, dipantau"
2026-07-09 18:00,1487,B_LINE_TRACKING,bull,61248.86,2026-07-03 00:00,62979.86,2026-07-03 21:00,62404.25,2026-07-04 01:00,,419.3671510553633,1,"level B aktif, dipantau"
2026-07-09 21:00,1490,WAVE_CANCELLED,bear,63283.26,2026-07-09 07:00,62465.39,2026-07-09 12:00,63500.0,2026-07-09 18:00,,389.6642240774905,1,
2026-07-09 22:00,1491,WAVE_STARTED,bull,62465.39,2026-07-09 12:00,63500.0,2026-07-09 18:00,63118.45,2026-07-09 19:00,,375.3332080719553,1,C? tentatif
2026-07-10 02:00,1495,C_LOCKED,bull,62465.39,2026-07-09 12:00,63500.0,2026-07-09 18:00,62926.01,2026-07-10 00:00,,402.7019108117216,1,zona fibo hijau; via breakout
2026-07-10 02:00,1495,CANDIDATE_EVICTED,bull,58326.0,2026-07-01 12:00,60536.55,2026-07-01 15:00,59787.35,2026-07-01 17:00,,402.7019108117216,1,
2026-07-10 02:00,1495,B_LINE_TRACKING,bull,62465.39,2026-07-09 12:00,63500.0,2026-07-09 18:00,62926.01,2026-07-10 00:00,,402.7019108117216,1,"level B aktif, dipantau"
2026-07-10 02:00,1495,BREAK,bull,62465.39,2026-07-09 12:00,63500.0,2026-07-09 18:00,62926.01,2026-07-10 00:00,55.5,402.7019108117216,1,ATR Str A1 A2 C2
2026-07-10 02:00,1495,B_LINE_TRACKING,bull,61705.29,2026-07-09 02:00,63283.26,2026-07-09 07:00,62465.39,2026-07-09 12:00,,402.7019108117216,1,"level B aktif, dipantau"
2026-07-10 02:00,1495,BREAK,bull,61705.29,2026-07-09 02:00,63283.26,2026-07-09 07:00,62465.39,2026-07-09 12:00,51.8,402.7019108117216,1,ATR Str A1 A2 C2
2026-07-10 04:00,1497,WAVE_STARTED,bear,63500.0,2026-07-09 18:00,62926.01,2026-07-10 00:00,64050.23,2026-07-10 02:00,,387.1659843223516,1,C? tentatif
2026-07-10 05:00,1498,WAVE_CANCELLED,bear,63500.0,2026-07-09 18:00,62926.01,2026-07-10 00:00,64050.23,2026-07-10 02:00,,382.31269972789806,1,
2026-07-10 05:00,1498,B_LINE_TRACKING,bull,61306.84,2026-07-06 13:00,63976.16,2026-07-06 17:00,63560.0,2026-07-06 18:00,,382.31269972789806,1,"level B aktif, dipantau"
